时间,计划名称,计划ID,消费,展现量,点击率,视频5s完播率,点击量,店铺新客支付金额,平均点击成本,平均千次展示费用,新客消耗,新客曝光,新客点击,新客点击率,新客平均点击成本,新客平均千次展示费用,直播间直接下单订单量,直播间直接下单订单成本,直播间直接下单金额,直播间直接下单ROI,直播间直接支付订单量,直播间直接支付订单成本,直播间直接支付金额,直播间直接支付ROI,直播间观看次数,直播间观看成本,直播间平均停留时长,直播间新增粉丝数量,直播间5s观看次数,直播间5s观看成本,直播间评论次数,直播间30s观看次数,直播间30s观看成本,商品1日支付订单量,商品1日支付订单成本,商品1日支付金额,商品1日支付ROI,7日总下单订单量,7日总下单订单成本,7日总下单金额,7日总下单ROI,7日总支付订单量,7日总支付订单成本,7日总支付金额,7日总支付ROI,首屏展现,首屏点击,首屏消耗,首屏展现占比,首屏点击占比,首屏消耗占比,7日支付转化率,店铺新客首购及30日复购支付订单量,店铺新客首购及30日复购支付金额,店铺新客首购及30日复购支付ROI
合计391条记录,-,-,1271.61,32823,12.9%,0.0%,4233,7604.0,0.3,38.74,1258.57,32569,4209,12.92%,0.3,38.64,0,0.0,0.0,0.0,0,0.0,0.00,0.0,0,0.00,0.0,0,0,0.0,0,0,0.0,44,28.9,7069.0,5.56,48,26.49,7942.0,6.25,47,27.06,7604.0,5.98,8076,1516,535.83,24.87%,36.25%,42.31%,1.11%,47,7604.0,6.04
2026-05-17,三文鱼搜索关键词,184817496,1.64,40,22.5%,0.0%,9,0.0,0.18,41.0,1.64,40,9,22.5%,0.18,41.0,0,0.0,0.0,0.0,0,0.0,0.00,0.0,0,0.00,0.0,0,0,0.0,0,0,0.0,0,0.0,0.0,0.0,0,0.0,0.0,0.0,0,0.0,0.0,0.0,15,4,0.71,37.5%,44.44%,43.29%,0.0%,0,0.0,0.0
2026-05-17,虾仁搜索,185525682,12.08,437,17.16%,0.0%,75,128.0,0.16,27.64,12.08,437,75,17.16%,0.16,27.64,0,0.0,0.0,0.0,0,0.0,0.00,0.0,0,0.00,0.0,0,0,0.0,0,0,0.0,1,12.08,128.0,10.6,1,12.08,128.0,10.6,1,12.08,128.0,10.6,132,30,9.26,30.21%,40.0%,76.66%,1.33%,1,128.0,10.6
2026-05-17,三文鱼搜索关键词_复制,186136724,0.22,41,7.32%,0.0%,3,0.0,0.07,5.37,0.22,41,3,7.32%,0.07,5.37,0,0.0,0.0,0.0,0,0.0,0.00,0.0,0,0.00,0.0,0,0,0.0,0,0,0.0,0,0.0,0.0,0.0,0,0.0,0.0,0.0,0,0.0,0.0,0.0,8,0,0.0,19.51%,0.0%,0.0%,0.0%,0,0.0,0.0
2026-05-17,三文鱼爆款购买潜在需求,186737237,23.63,618,12.62%,0.0%,78,0.0,0.3,38.24,23.63,615,78,12.68%,0.3,38.42,0,0.0,0.0,0.0,0,0.0,0.00,0.0,0,0.00,0.0,0,0,0.0,0,0,0.0,0,0.0,0.0,0.0,0,0.0,0.0,0.0,0,0.0,0.0,0.0,212,36,15.31,34.3%,46.15%,64.81%,0.0%,0,0.0,0.0
2026-05-17,商品推广_日常销售_20260512_161811,193779913,0.04,7,14.29%,0.0%,1,0.0,0.04,5.71,0.04,7,1,14.29%,0.04,5.71,0,0.0,0.0,0.0,0,0.0,0.00,0.0,0,0.00,0.0,0,0,0.0,0,0,0.0,0,0.0,0.0,0.0,0,0.0,0.0,0.0,0,0.0,0.0,0.0,0,0,0.0,0.0%,0.0%,0.0%,0.0%,0,0.0,0.0
2026-05-17,三文鱼,194400456,0.26,16,25.0%,0.0%,4,0.0,0.07,16.25,0.26,16,4,25.0%,0.07,16.25,0,0.0,0.0,0.0,0,0.0,0.00,0.0,0,0.00,0.0,0,0,0.0,0,0,0.0,0,0.0,0.0,0.0,0,0.0,0.0,0.0,0,0.0,0.0,0.0,3,1,0.12,18.75%,25.0%,46.15%,0.0%,0,0.0,0.0
2026-05-17,7日虾仁笔记_复制,195192732,0.00,2,0.0%,0.0%,0,0.0,0.0,0.0,0.0,2,0,0.0%,0.0,0.0,0,0.0,0.0,0.0,0,0.0,0.00,0.0,0,0.00,0.0,0,0,0.0,0,0,0.0,0,0.0,0.0,0.0,0,0.0,0.0,0.0,0,0.0,0.0,0.0,1,0,0.0,50.0%,0.0%,0.0%,0.0%,0,0.0,0.0
2026-05-17,7日虾仁笔记,195198387,3.68,72,18.06%,0.0%,13,0.0,0.28,51.11,3.68,72,13,18.06%,0.28,51.11,0,0.0,0.0,0.0,0,0.0,0.00,0.0,0,0.00,0.0,0,0,0.0,0,0,0.0,0,0.0,0.0,0.0,0,0.0,0.0,0.0,0,0.0,0.0,0.0,11,5,1.4,15.28%,38.46%,38.04%,0.0%,0,0.0,0.0
2026-05-18,三文鱼搜索关键词,184817496,0.48,31,12.9%,0.0%,4,0.0,0.12,15.48,0.48,29,4,13.79%,0.12,16.55,0,0.0,0.0,0.0,0,0.0,0.00,0.0,0,0.00,0.0,0,0,0.0,0,0,0.0,0,0.0,0.0,0.0,0,0.0,0.0,0.0,0,0.0,0.0,0.0,11,3,0.44,35.48%,75.0%,91.71%,0.0%,0,0.0,0.0
2026-05-18,虾仁搜索,185525682,10.83,387,17.31%,0.0%,67,69.0,0.16,27.98,10.83,387,67,17.31%,0.16,27.98,0,0.0,0.0,0.0,0,0.0,0.00,0.0,0,0.00,0.0,0,0,0.0,0,0,0.0,1,10.83,69.0,6.37,1,10.83,69.0,6.37,1,10.83,69.0,6.37,131,33,5.08,33.85%,49.25%,46.88%,1.49%,1,69.0,6.37
2026-05-18,三文鱼搜索关键词_复制,186136724,0.27,27,11.11%,0.0%,3,0.0,0.09,10.0,0.27,27,3,11.11%,0.09,10.0,0,0.0,0.0,0.0,0,0.0,0.00,0.0,0,0.00,0.0,0,0,0.0,0,0,0.0,0,0.0,0.0,0.0,0,0.0,0.0,0.0,0,0.0,0.0,0.0,6,2,0.18,22.22%,66.67%,66.67%,0.0%,0,0.0,0.0
2026-05-18,三文鱼爆款购买潜在需求,186737237,8.98,591,13.03%,0.0%,77,68.0,0.12,15.19,8.98,590,77,13.05%,0.12,15.22,0,0.0,0.0,0.0,0,0.0,0.00,0.0,0,0.00,0.0,0,0,0.0,0,0,0.0,1,8.98,68.0,7.57,1,8.98,68.0,7.57,1,8.98,68.0,7.57,187,34,5.11,31.64%,44.16%,56.85%,1.3%,1,68.0,7.57
2026-05-18,商品推广_日常销售_20260512_161811,193779913,0.00,8,0.0%,0.0%,0,0.0,0.0,0.0,0.0,8,0,0.0%,0.0,0.0,0,0.0,0.0,0.0,0,0.0,0.00,0.0,0,0.00,0.0,0,0,0.0,0,0,0.0,0,0.0,0.0,0.0,0,0.0,0.0,0.0,0,0.0,0.0,0.0,2,0,0.0,25.0%,0.0%,0.0%,0.0%,0,0.0,0.0
2026-05-18,三文鱼,194400456,0.04,16,6.25%,0.0%,1,0.0,0.04,2.5,0.04,16,1,6.25%,0.04,2.5,0,0.0,0.0,0.0,0,0.0,0.00,0.0,0,0.00,0.0,0,0,0.0,0,0,0.0,0,0.0,0.0,0.0,0,0.0,0.0,0.0,0,0.0,0.0,0.0,2,0,0.0,12.5%,0.0%,0.0%,0.0%,0,0.0,0.0
2026-05-18,7日虾仁笔记_复制,195192732,0.55,3,66.67%,0.0%,2,69.0,0.28,183.33,0.55,3,2,66.67%,0.28,183.33,0,0.0,0.0,0.0,0,0.0,0.00,0.0,0,0.00,0.0,0,0,0.0,0,0,0.0,0,0.0,0.0,0.0,1,0.55,69.0,125.45,1,0.55,69.0,125.45,1,1,0.3,33.33%,50.0%,54.55%,50.0%,1,69.0,125.45
2026-05-18,7日虾仁笔记,195198387,14.44,244,20.08%,0.0%,49,0.0,0.29,59.18,14.44,240,49,20.42%,0.29,60.17,0,0.0,0.0,0.0,0,0.0,0.00,0.0,0,0.00,0.0,0,0,0.0,0,0,0.0,0,0.0,0.0,0.0,0,0.0,0.0,0.0,0,0.0,0.0,0.0,53,16,2.73,21.72%,32.65%,18.9%,0.0%,0,0.0,0.0
2026-05-19,三文鱼搜索关键词,184817496,1.14,29,34.48%,0.0%,10,0.0,0.11,39.31,1.14,29,10,34.48%,0.11,39.31,0,0.0,0.0,0.0,0,0.0,0.00,0.0,0,0.00,0.0,0,0,0.0,0,0,0.0,0,0.0,0.0,0.0,0,0.0,0.0,0.0,0,0.0,0.0,0.0,13,6,0.89,44.83%,60.0%,78.07%,0.0%,0,0.0,0.0
2026-05-19,虾仁搜索,185525682,12.34,359,15.6%,0.0%,56,128.0,0.22,34.37,12.34,359,56,15.6%,0.22,34.37,0,0.0,0.0,0.0,0,0.0,0.00,0.0,0,0.00,0.0,0,0,0.0,0,0,0.0,1,12.34,128.0,10.37,1,12.34,128.0,10.37,1,12.34,128.0,10.37,109,25,7.67,30.36%,44.64%,62.17%,1.79%,1,128.0,10.37
2026-05-19,三文鱼搜索关键词_复制,186136724,8.35,16,18.75%,0.0%,3,368.0,2.78,521.88,8.35,16,3,18.75%,2.78,521.88,0,0.0,0.0,0.0,0,0.0,0.00,0.0,0,0.00,0.0,0,0,0.0,0,0,0.0,1,8.35,368.0,44.07,1,8.35,368.0,44.07,1,8.35,368.0,44.07,3,1,0.22,18.75%,33.33%,2.63%,33.33%,1,368.0,44.07
2026-05-19,三文鱼爆款购买潜在需求,186737237,42.85,559,15.03%,0.0%,84,368.0,0.51,76.65,42.85,553,84,15.19%,0.51,77.49,0,0.0,0.0,0.0,0,0.0,0.00,0.0,0,0.00,0.0,0,0,0.0,0,0,0.0,1,42.85,368.0,8.59,1,42.85,368.0,8.59,1,42.85,368.0,8.59,182,35,12.96,32.56%,41.67%,30.25%,1.19%,1,368.0,8.59
2026-05-19,商品推广_日常销售_20260512_161811,193779913,0.00,2,0.0%,0.0%,0,0.0,0.0,0.0,0.0,2,0,0.0%,0.0,0.0,0,0.0,0.0,0.0,0,0.0,0.00,0.0,0,0.00,0.0,0,0,0.0,0,0,0.0,0,0.0,0.0,0.0,0,0.0,0.0,0.0,0,0.0,0.0,0.0,0,0,0.0,0.0%,0.0%,0.0%,0.0%,0,0.0,0.0
2026-05-19,三文鱼,194400456,0.10,13,15.38%,0.0%,2,0.0,0.05,7.69,0.1,12,2,16.67%,0.05,8.33,0,0.0,0.0,0.0,0,0.0,0.00,0.0,0,0.00,0.0,0,0,0.0,0,0,0.0,0,0.0,0.0,0.0,0,0.0,0.0,0.0,0,0.0,0.0,0.0,2,0,0.0,15.38%,0.0%,0.0%,0.0%,0,0.0,0.0
2026-05-19,7日虾仁笔记_复制,195192732,0.00,2,0.0%,0.0%,0,0.0,0.0,0.0,0.0,2,0,0.0%,0.0,0.0,0,0.0,0.0,0.0,0,0.0,0.00,0.0,0,0.00,0.0,0,0,0.0,0,0,0.0,0,0.0,0.0,0.0,0,0.0,0.0,0.0,0,0.0,0.0,0.0,1,0,0.0,50.0%,0.0%,0.0%,0.0%,0,0.0,0.0
2026-05-19,7日虾仁笔记,195198387,12.15,274,20.44%,0.0%,56,69.0,0.22,44.34,11.91,273,55,20.15%,0.22,43.63,0,0.0,0.0,0.0,0,0.0,0.00,0.0,0,0.00,0.0,0,0,0.0,0,0,0.0,1,12.15,69.0,5.68,1,12.15,69.0,5.68,1,12.15,69.0,5.68,84,28,5.27,30.66%,50.0%,43.36%,1.79%,1,69.0,5.79
2026-05-20,三文鱼搜索关键词,184817496,0.64,24,25.0%,0.0%,6,0.0,0.11,26.67,0.64,24,6,25.0%,0.11,26.67,0,0.0,0.0,0.0,0,0.0,0.00,0.0,0,0.00,0.0,0,0,0.0,0,0,0.0,0,0.0,0.0,0.0,0,0.0,0.0,0.0,0,0.0,0.0,0.0,8,4,0.38,33.33%,66.67%,59.38%,0.0%,0,0.0,0.0
2026-05-20,虾仁搜索,185525682,20.40,272,13.97%,0.0%,38,197.0,0.54,75.0,20.26,270,37,13.7%,0.55,75.04,0,0.0,0.0,0.0,0,0.0,0.00,0.0,0,0.00,0.0,0,0,0.0,0,0,0.0,2,10.2,197.0,9.66,2,10.2,197.0,9.66,2,10.2,197.0,9.66,78,17,12.83,28.68%,44.74%,62.88%,5.26%,2,197.0,9.72
2026-05-20,三文鱼搜索关键词_复制,186136724,0.07,28,10.71%,0.0%,3,0.0,0.02,2.5,0.07,28,3,10.71%,0.02,2.5,0,0.0,0.0,0.0,0,0.0,0.00,0.0,0,0.00,0.0,0,0,0.0,0,0,0.0,0,0.0,0.0,0.0,0,0.0,0.0,0.0,0,0.0,0.0,0.0,4,1,0.01,14.29%,33.33%,14.29%,0.0%,0,0.0,0.0
2026-05-20,三文鱼爆款购买潜在需求,186737237,27.35,666,13.06%,0.0%,87,118.0,0.31,41.07,25.95,659,85,12.9%,0.31,39.38,0,0.0,0.0,0.0,0,0.0,0.00,0.0,0,0.00,0.0,0,0,0.0,0,0,0.0,1,27.35,118.0,4.31,1,27.35,118.0,4.31,1,27.35,118.0,4.31,218,37,14.16,32.73%,42.53%,51.76%,1.15%,1,118.0,4.55
2026-05-20,商品推广_日常销售_20260512_161811,193779913,0.00,5,0.0%,0.0%,0,0.0,0.0,0.0,0.0,5,0,0.0%,0.0,0.0,0,0.0,0.0,0.0,0,0.0,0.00,0.0,0,0.00,0.0,0,0,0.0,0,0,0.0,0,0.0,0.0,0.0,0,0.0,0.0,0.0,0,0.0,0.0,0.0,2,0,0.0,40.0%,0.0%,0.0%,0.0%,0,0.0,0.0
2026-05-20,三文鱼,194400456,0.05,16,6.25%,0.0%,1,0.0,0.05,3.13,0.05,15,1,6.67%,0.05,3.33,0,0.0,0.0,0.0,0,0.0,0.00,0.0,0,0.00,0.0,0,0,0.0,0,0,0.0,0,0.0,0.0,0.0,0,0.0,0.0,0.0,0,0.0,0.0,0.0,4,0,0.0,25.0%,0.0%,0.0%,0.0%,0,0.0,0.0
2026-05-20,7日虾仁笔记_复制,195192732,0.00,1,0.0%,0.0%,0,0.0,0.0,0.0,0.0,1,0,0.0%,0.0,0.0,0,0.0,0.0,0.0,0,0.0,0.00,0.0,0,0.00,0.0,0,0,0.0,0,0,0.0,0,0.0,0.0,0.0,0,0.0,0.0,0.0,0,0.0,0.0,0.0,1,0,0.0,100.0%,0.0%,0.0%,0.0%,0,0.0,0.0
2026-05-20,7日虾仁笔记,195198387,13.10,391,16.62%,0.0%,65,0.0,0.2,33.5,13.1,390,65,16.67%,0.2,33.59,0,0.0,0.0,0.0,0,0.0,0.00,0.0,0,0.00,0.0,0,0,0.0,0,0,0.0,0,0.0,0.0,0.0,0,0.0,0.0,0.0,0,0.0,0.0,0.0,102,25,5.22,26.09%,38.46%,39.87%,0.0%,0,0.0,0.0
2026-05-21,三文鱼搜索关键词,184817496,1.09,29,24.14%,0.0%,7,0.0,0.16,37.59,1.09,29,7,24.14%,0.16,37.59,0,0.0,0.0,0.0,0,0.0,0.00,0.0,0,0.00,0.0,0,0,0.0,0,0,0.0,0,0.0,0.0,0.0,0,0.0,0.0,0.0,0,0.0,0.0,0.0,12,4,0.5,41.38%,57.14%,45.87%,0.0%,0,0.0,0.0
2026-05-21,虾仁搜索,185525682,7.00,220,14.55%,0.0%,32,0.0,0.22,31.82,7.0,219,32,14.61%,0.22,31.96,0,0.0,0.0,0.0,0,0.0,0.00,0.0,0,0.00,0.0,0,0,0.0,0,0,0.0,0,0.0,0.0,0.0,0,0.0,0.0,0.0,0,0.0,0.0,0.0,57,16,4.94,25.91%,50.0%,70.6%,0.0%,0,0.0,0.0
2026-05-21,三文鱼搜索关键词_复制,186136724,0.19,28,10.71%,0.0%,3,0.0,0.06,6.79,0.19,28,3,10.71%,0.06,6.79,0,0.0,0.0,0.0,0,0.0,0.00,0.0,0,0.00,0.0,0,0,0.0,0,0,0.0,0,0.0,0.0,0.0,0,0.0,0.0,0.0,0,0.0,0.0,0.0,7,2,0.13,25.0%,66.67%,68.42%,0.0%,0,0.0,0.0
2026-05-21,三文鱼爆款购买潜在需求,186737237,47.50,717,13.39%,0.0%,96,378.0,0.49,66.25,43.83,709,95,13.4%,0.46,61.82,0,0.0,0.0,0.0,0,0.0,0.00,0.0,0,0.00,0.0,0,0,0.0,0,0,0.0,1,47.5,378.0,7.96,1,47.5,378.0,7.96,1,47.5,378.0,7.96,239,43,36.89,33.33%,44.79%,77.66%,1.04%,1,378.0,8.62
2026-05-21,商品推广_日常销售_20260512_161811,193779913,0.00,3,0.0%,0.0%,0,0.0,0.0,0.0,0.0,3,0,0.0%,0.0,0.0,0,0.0,0.0,0.0,0,0.0,0.00,0.0,0,0.00,0.0,0,0,0.0,0,0,0.0,0,0.0,0.0,0.0,0,0.0,0.0,0.0,0,0.0,0.0,0.0,0,0,0.0,0.0%,0.0%,0.0%,0.0%,0,0.0,0.0
2026-05-21,三文鱼,194400456,0.10,8,12.5%,0.0%,1,0.0,0.1,12.5,0.1,8,1,12.5%,0.1,12.5,0,0.0,0.0,0.0,0,0.0,0.00,0.0,0,0.00,0.0,0,0,0.0,0,0,0.0,0,0.0,0.0,0.0,0,0.0,0.0,0.0,0,0.0,0.0,0.0,2,0,0.0,25.0%,0.0%,0.0%,0.0%,0,0.0,0.0
2026-05-21,7日虾仁笔记_复制,195192732,0.00,2,0.0%,0.0%,0,0.0,0.0,0.0,0.0,2,0,0.0%,0.0,0.0,0,0.0,0.0,0.0,0,0.0,0.00,0.0,0,0.00,0.0,0,0,0.0,0,0,0.0,0,0.0,0.0,0.0,0,0.0,0.0,0.0,0,0.0,0.0,0.0,2,0,0.0,100.0%,0.0%,0.0%,0.0%,0,0.0,0.0
2026-05-21,7日虾仁笔记,195198387,12.86,463,15.98%,0.0%,74,0.0,0.17,27.78,12.86,460,74,16.09%,0.17,27.96,0,0.0,0.0,0.0,0,0.0,0.00,0.0,0,0.00,0.0,0,0,0.0,0,0,0.0,0,0.0,0.0,0.0,0,0.0,0.0,0.0,0,0.0,0.0,0.0,114,29,4.35,24.62%,39.19%,33.85%,0.0%,0,0.0,0.0
2026-05-21,521虾仁测试,196982127,0.16,7,28.57%,0.0%,2,0.0,0.08,22.86,0.16,7,2,28.57%,0.08,22.86,0,0.0,0.0,0.0,0,0.0,0.00,0.0,0,0.00,0.0,0,0,0.0,0,0,0.0,0,0.0,0.0,0.0,0,0.0,0.0,0.0,0,0.0,0.0,0.0,0,0,0.0,0.0%,0.0%,0.0%,0.0%,0,0.0,0.0
2026-05-21,521三文鱼搜索,196988252,0.30,5,40.0%,0.0%,2,0.0,0.15,60.0,0.3,5,2,40.0%,0.15,60.0,0,0.0,0.0,0.0,0,0.0,0.00,0.0,0,0.00,0.0,0,0,0.0,0,0,0.0,0,0.0,0.0,0.0,0,0.0,0.0,0.0,0,0.0,0.0,0.0,1,0,0.0,20.0%,0.0%,0.0%,0.0%,0,0.0,0.0
2026-05-22,三文鱼搜索关键词,184817496,0.48,9,11.11%,0.0%,1,0.0,0.48,53.33,0.48,8,1,12.5%,0.48,60.0,0,0.0,0.0,0.0,0,0.0,0.00,0.0,0,0.00,0.0,0,0,0.0,0,0,0.0,0,0.0,0.0,0.0,0,0.0,0.0,0.0,0,0.0,0.0,0.0,3,1,0.48,33.33%,100.0%,100.0%,0.0%,0,0.0,0.0
2026-05-22,虾仁搜索,185525682,9.71,179,14.53%,0.0%,26,197.0,0.37,54.25,9.71,178,26,14.61%,0.37,54.55,0,0.0,0.0,0.0,0,0.0,0.00,0.0,0,0.00,0.0,0,0,0.0,0,0,0.0,1,9.71,69.0,7.11,2,4.86,197.0,20.29,2,4.86,197.0,20.29,43,11,3.23,24.02%,42.31%,33.3%,7.69%,2,197.0,20.29
2026-05-22,三文鱼搜索关键词_复制,186136724,0.25,22,18.18%,0.0%,4,0.0,0.06,11.36,0.25,22,4,18.18%,0.06,11.36,0,0.0,0.0,0.0,0,0.0,0.00,0.0,0,0.00,0.0,0,0,0.0,0,0,0.0,0,0.0,0.0,0.0,0,0.0,0.0,0.0,0,0.0,0.0,0.0,9,1,0.03,40.91%,25.0%,12.87%,0.0%,0,0.0,0.0
2026-05-22,三文鱼爆款购买潜在需求,186737237,22.66,531,14.69%,0.0%,78,0.0,0.29,42.67,22.66,530,78,14.72%,0.29,42.75,0,0.0,0.0,0.0,0,0.0,0.00,0.0,0,0.00,0.0,0,0,0.0,0,0,0.0,0,0.0,0.0,0.0,0,0.0,0.0,0.0,0,0.0,0.0,0.0,174,31,12.66,32.77%,39.74%,55.86%,0.0%,0,0.0,0.0
2026-05-22,三文鱼,194400456,0.46,5,20.0%,0.0%,1,0.0,0.46,92.0,0.46,5,1,20.0%,0.46,92.0,0,0.0,0.0,0.0,0,0.0,0.00,0.0,0,0.00,0.0,0,0,0.0,0,0,0.0,0,0.0,0.0,0.0,0,0.0,0.0,0.0,0,0.0,0.0,0.0,0,0,0.0,0.0%,0.0%,0.0%,0.0%,0,0.0,0.0
2026-05-22,7日虾仁笔记_复制,195192732,0.22,13,15.38%,0.0%,2,0.0,0.11,16.92,0.22,13,2,15.38%,0.11,16.92,0,0.0,0.0,0.0,0,0.0,0.00,0.0,0,0.00,0.0,0,0,0.0,0,0,0.0,0,0.0,0.0,0.0,0,0.0,0.0,0.0,0,0.0,0.0,0.0,3,1,0.08,23.08%,50.0%,36.36%,0.0%,0,0.0,0.0
2026-05-22,7日虾仁笔记,195198387,5.94,74,17.57%,0.0%,13,0.0,0.46,80.27,5.94,74,13,17.57%,0.46,80.27,0,0.0,0.0,0.0,0,0.0,0.00,0.0,0,0.00,0.0,0,0,0.0,0,0,0.0,0,0.0,0.0,0.0,0,0.0,0.0,0.0,0,0.0,0.0,0.0,12,5,1.82,16.22%,38.46%,30.59%,0.0%,0,0.0,0.0
2026-05-22,521虾仁测试,196982127,15.84,41,9.76%,0.0%,4,128.0,3.96,386.34,15.84,41,4,9.76%,3.96,386.34,0,0.0,0.0,0.0,0,0.0,0.00,0.0,0,0.00,0.0,0,0,0.0,0,0,0.0,1,15.84,128.0,8.08,1,15.84,128.0,8.08,1,15.84,128.0,8.08,8,1,2.87,19.51%,25.0%,18.12%,25.0%,1,128.0,8.08
2026-05-22,521虾仁测试_复制,196982135,0.00,2,0.0%,0.0%,0,0.0,0.0,0.0,0.0,2,0,0.0%,0.0,0.0,0,0.0,0.0,0.0,0,0.0,0.00,0.0,0,0.00,0.0,0,0,0.0,0,0,0.0,0,0.0,0.0,0.0,0,0.0,0.0,0.0,0,0.0,0.0,0.0,0,0,0.0,0.0%,0.0%,0.0%,0.0%,0,0.0,0.0
2026-05-22,521三文鱼搜索,196988252,1.09,64,10.94%,0.0%,7,0.0,0.16,17.03,1.09,63,7,11.11%,0.16,17.3,0,0.0,0.0,0.0,0,0.0,0.00,0.0,0,0.00,0.0,0,0,0.0,0,0,0.0,0,0.0,0.0,0.0,0,0.0,0.0,0.0,0,0.0,0.0,0.0,20,3,0.55,31.25%,42.86%,50.46%,0.0%,0,0.0,0.0
2026-05-23,三文鱼搜索关键词,184817496,0.03,4,25.0%,0.0%,1,0.0,0.03,7.5,0.03,4,1,25.0%,0.03,7.5,0,0.0,0.0,0.0,0,0.0,0.00,0.0,0,0.00,0.0,0,0,0.0,0,0,0.0,0,0.0,0.0,0.0,0,0.0,0.0,0.0,0,0.0,0.0,0.0,0,0,0.0,0.0%,0.0%,0.0%,0.0%,0,0.0,0.0
2026-05-23,虾仁搜索,185525682,2.88,151,13.25%,0.0%,20,0.0,0.14,19.07,2.88,150,20,13.33%,0.14,19.2,0,0.0,0.0,0.0,0,0.0,0.00,0.0,0,0.00,0.0,0,0,0.0,0,0,0.0,0,0.0,0.0,0.0,0,0.0,0.0,0.0,0,0.0,0.0,0.0,49,8,1.29,32.45%,40.0%,44.86%,0.0%,0,0.0,0.0
2026-05-23,三文鱼搜索关键词_复制,186136724,0.02,35,2.86%,0.0%,1,0.0,0.02,0.57,0.02,35,1,2.86%,0.02,0.57,0,0.0,0.0,0.0,0,0.0,0.00,0.0,0,0.00,0.0,0,0,0.0,0,0,0.0,0,0.0,0.0,0.0,0,0.0,0.0,0.0,0,0.0,0.0,0.0,6,0,0.0,17.14%,0.0%,0.0%,0.0%,0,0.0,0.0
2026-05-23,三文鱼爆款购买潜在需求,186737237,15.08,425,13.65%,0.0%,58,0.0,0.26,35.48,15.08,425,58,13.65%,0.26,35.48,0,0.0,0.0,0.0,0,0.0,0.00,0.0,0,0.00,0.0,0,0,0.0,0,0,0.0,0,0.0,0.0,0.0,0,0.0,0.0,0.0,0,0.0,0.0,0.0,163,26,9.93,38.35%,44.83%,65.82%,0.0%,0,0.0,0.0
2026-05-23,三文鱼,194400456,0.38,7,14.29%,0.0%,1,0.0,0.38,54.29,0.38,7,1,14.29%,0.38,54.29,0,0.0,0.0,0.0,0,0.0,0.00,0.0,0,0.00,0.0,0,0,0.0,0,0,0.0,0,0.0,0.0,0.0,0,0.0,0.0,0.0,0,0.0,0.0,0.0,3,0,0.0,42.86%,0.0%,0.0%,0.0%,0,0.0,0.0
2026-05-23,7日虾仁笔记_复制,195192732,0.00,10,0.0%,0.0%,0,0.0,0.0,0.0,0.0,10,0,0.0%,0.0,0.0,0,0.0,0.0,0.0,0,0.0,0.00,0.0,0,0.00,0.0,0,0,0.0,0,0,0.0,0,0.0,0.0,0.0,0,0.0,0.0,0.0,0,0.0,0.0,0.0,3,0,0.0,30.0%,0.0%,0.0%,0.0%,0,0.0,0.0
2026-05-23,521虾仁测试,196982127,1.02,26,23.08%,0.0%,6,0.0,0.17,39.23,1.02,26,6,23.08%,0.17,39.23,0,0.0,0.0,0.0,0,0.0,0.00,0.0,0,0.00,0.0,0,0,0.0,0,0,0.0,0,0.0,0.0,0.0,0,0.0,0.0,0.0,0,0.0,0.0,0.0,4,2,0.26,15.38%,33.33%,25.67%,0.0%,0,0.0,0.0
2026-05-23,521三文鱼搜索,196988252,2.59,50,18.0%,0.0%,9,0.0,0.29,51.8,2.59,50,9,18.0%,0.29,51.8,0,0.0,0.0,0.0,0,0.0,0.00,0.0,0,0.00,0.0,0,0,0.0,0,0,0.0,0,0.0,0.0,0.0,0,0.0,0.0,0.0,0,0.0,0.0,0.0,14,5,1.44,28.0%,55.56%,55.6%,0.0%,0,0.0,0.0
2026-05-24,三文鱼搜索关键词,184817496,0.21,9,44.44%,0.0%,4,0.0,0.05,23.33,0.21,9,4,44.44%,0.05,23.33,0,0.0,0.0,0.0,0,0.0,0.00,0.0,0,0.00,0.0,0,0,0.0,0,0,0.0,0,0.0,0.0,0.0,0,0.0,0.0,0.0,0,0.0,0.0,0.0,2,2,0.14,22.22%,50.0%,65.12%,0.0%,0,0.0,0.0
2026-05-24,虾仁搜索,185525682,6.54,189,12.17%,0.0%,23,0.0,0.28,34.6,6.54,189,23,12.17%,0.28,34.6,0,0.0,0.0,0.0,0,0.0,0.00,0.0,0,0.00,0.0,0,0,0.0,0,0,0.0,0,0.0,0.0,0.0,0,0.0,0.0,0.0,0,0.0,0.0,0.0,42,4,0.97,22.22%,17.39%,14.83%,0.0%,0,0.0,0.0
2026-05-24,三文鱼搜索关键词_复制,186136724,0.44,44,11.36%,0.0%,5,0.0,0.09,10.0,0.44,43,5,11.63%,0.09,10.23,0,0.0,0.0,0.0,0,0.0,0.00,0.0,0,0.00,0.0,0,0,0.0,0,0,0.0,0,0.0,0.0,0.0,0,0.0,0.0,0.0,0,0.0,0.0,0.0,7,0,0.0,15.91%,0.0%,0.0%,0.0%,0,0.0,0.0
2026-05-24,三文鱼爆款购买潜在需求,186737237,16.28,345,15.36%,0.0%,53,0.0,0.31,47.19,16.28,344,53,15.41%,0.31,47.33,0,0.0,0.0,0.0,0,0.0,0.00,0.0,0,0.00,0.0,0,0,0.0,0,0,0.0,0,0.0,0.0,0.0,0,0.0,0.0,0.0,0,0.0,0.0,0.0,126,23,11.72,36.52%,43.4%,71.97%,0.0%,0,0.0,0.0
2026-05-24,三文鱼,194400456,0.00,2,0.0%,0.0%,0,0.0,0.0,0.0,0.0,2,0,0.0%,0.0,0.0,0,0.0,0.0,0.0,0,0.0,0.00,0.0,0,0.00,0.0,0,0,0.0,0,0,0.0,0,0.0,0.0,0.0,0,0.0,0.0,0.0,0,0.0,0.0,0.0,1,0,0.0,50.0%,0.0%,0.0%,0.0%,0,0.0,0.0
2026-05-24,7日虾仁笔记_复制,195192732,1.04,23,34.78%,0.0%,8,0.0,0.13,45.22,1.04,23,8,34.78%,0.13,45.22,0,0.0,0.0,0.0,0,0.0,0.00,0.0,0,0.00,0.0,0,0,0.0,0,0,0.0,0,0.0,0.0,0.0,0,0.0,0.0,0.0,0,0.0,0.0,0.0,8,5,0.57,34.78%,62.5%,55.15%,0.0%,0,0.0,0.0
2026-05-24,521虾仁测试,196982127,1.23,27,18.52%,0.0%,5,0.0,0.25,45.56,1.23,27,5,18.52%,0.25,45.56,0,0.0,0.0,0.0,0,0.0,0.00,0.0,0,0.00,0.0,0,0,0.0,0,0,0.0,0,0.0,0.0,0.0,0,0.0,0.0,0.0,0,0.0,0.0,0.0,10,3,0.96,37.04%,60.0%,78.05%,0.0%,0,0.0,0.0
2026-05-24,521虾仁测试_复制,196982135,0.00,1,0.0%,0.0%,0,0.0,0.0,0.0,0.0,1,0,0.0%,0.0,0.0,0,0.0,0.0,0.0,0,0.0,0.00,0.0,0,0.00,0.0,0,0,0.0,0,0,0.0,0,0.0,0.0,0.0,0,0.0,0.0,0.0,0,0.0,0.0,0.0,0,0,0.0,0.0%,0.0%,0.0%,0.0%,0,0.0,0.0
2026-05-24,521三文鱼搜索,196988252,2.71,49,18.37%,0.0%,9,0.0,0.3,55.31,2.71,49,9,18.37%,0.3,55.31,0,0.0,0.0,0.0,0,0.0,0.00,0.0,0,0.00,0.0,0,0,0.0,0,0,0.0,0,0.0,0.0,0.0,0,0.0,0.0,0.0,0,0.0,0.0,0.0,13,2,0.38,26.53%,22.22%,14.0%,0.0%,0,0.0,0.0
2026-05-25,三文鱼搜索关键词,184817496,0.00,14,0.0%,0.0%,0,0.0,0.0,0.0,0.0,14,0,0.0%,0.0,0.0,0,0.0,0.0,0.0,0,0.0,0.00,0.0,0,0.00,0.0,0,0,0.0,0,0,0.0,0,0.0,0.0,0.0,0,0.0,0.0,0.0,0,0.0,0.0,0.0,4,0,0.0,28.57%,0.0%,0.0%,0.0%,0,0.0,0.0
2026-05-25,虾仁搜索,185525682,7.83,205,15.61%,0.0%,32,0.0,0.24,38.2,7.83,204,32,15.69%,0.24,38.38,0,0.0,0.0,0.0,0,0.0,0.00,0.0,0,0.00,0.0,0,0,0.0,0,0,0.0,0,0.0,0.0,0.0,0,0.0,0.0,0.0,0,0.0,0.0,0.0,50,16,4.15,24.39%,50.0%,53.03%,0.0%,0,0.0,0.0
2026-05-25,三文鱼搜索关键词_复制,186136724,0.69,48,14.58%,0.0%,7,0.0,0.1,14.38,0.69,48,7,14.58%,0.1,14.38,0,0.0,0.0,0.0,0,0.0,0.00,0.0,0,0.00,0.0,0,0,0.0,0,0,0.0,0,0.0,0.0,0.0,0,0.0,0.0,0.0,0,0.0,0.0,0.0,11,3,0.3,22.92%,42.86%,43.48%,0.0%,0,0.0,0.0
2026-05-25,三文鱼爆款购买潜在需求,186737237,15.21,311,16.08%,0.0%,50,0.0,0.3,48.91,15.21,309,50,16.18%,0.3,49.22,0,0.0,0.0,0.0,0,0.0,0.00,0.0,0,0.00,0.0,0,0,0.0,0,0,0.0,0,0.0,0.0,0.0,0,0.0,0.0,0.0,0,0.0,0.0,0.0,100,22,7.51,32.15%,44.0%,49.35%,0.0%,0,0.0,0.0
2026-05-25,三文鱼,194400456,0.00,6,0.0%,0.0%,0,0.0,0.0,0.0,0.0,6,0,0.0%,0.0,0.0,0,0.0,0.0,0.0,0,0.0,0.00,0.0,0,0.00,0.0,0,0,0.0,0,0,0.0,0,0.0,0.0,0.0,0,0.0,0.0,0.0,0,0.0,0.0,0.0,2,0,0.0,33.33%,0.0%,0.0%,0.0%,0,0.0,0.0
2026-05-25,7日虾仁笔记_复制,195192732,0.90,36,16.67%,0.0%,6,0.0,0.15,25.0,0.9,36,6,16.67%,0.15,25.0,0,0.0,0.0,0.0,0,0.0,0.00,0.0,0,0.00,0.0,0,0,0.0,0,0,0.0,0,0.0,0.0,0.0,0,0.0,0.0,0.0,0,0.0,0.0,0.0,10,1,0.16,27.78%,16.67%,17.78%,0.0%,0,0.0,0.0
2026-05-25,521虾仁测试,196982127,0.07,17,5.88%,0.0%,1,0.0,0.07,4.12,0.07,17,1,5.88%,0.07,4.12,0,0.0,0.0,0.0,0,0.0,0.00,0.0,0,0.00,0.0,0,0,0.0,0,0,0.0,0,0.0,0.0,0.0,0,0.0,0.0,0.0,0,0.0,0.0,0.0,2,0,0.0,11.76%,0.0%,0.0%,0.0%,0,0.0,0.0
2026-05-25,521三文鱼搜索,196988252,0.53,37,13.51%,0.0%,5,0.0,0.11,14.32,0.53,36,5,13.89%,0.11,14.72,0,0.0,0.0,0.0,0,0.0,0.00,0.0,0,0.00,0.0,0,0,0.0,0,0,0.0,0,0.0,0.0,0.0,0,0.0,0.0,0.0,0,0.0,0.0,0.0,9,3,0.22,24.32%,60.0%,41.51%,0.0%,0,0.0,0.0
2026-05-26,三文鱼搜索关键词,184817496,0.62,20,10.0%,0.0%,2,0.0,0.31,31.0,0.62,20,2,10.0%,0.31,31.0,0,0.0,0.0,0.0,0,0.0,0.00,0.0,0,0.00,0.0,0,0,0.0,0,0,0.0,0,0.0,0.0,0.0,0,0.0,0.0,0.0,0,0.0,0.0,0.0,8,1,0.22,40.0%,50.0%,35.48%,0.0%,0,0.0,0.0
2026-05-26,虾仁搜索,185525682,10.43,124,12.1%,0.0%,15,69.0,0.7,84.11,10.43,121,15,12.4%,0.7,86.2,0,0.0,0.0,0.0,0,0.0,0.00,0.0,0,0.00,0.0,0,0,0.0,0,0,0.0,1,10.43,69.0,6.62,1,10.43,69.0,6.62,1,10.43,69.0,6.62,27,7,9.58,21.77%,46.67%,91.81%,6.67%,1,69.0,6.62
2026-05-26,三文鱼搜索关键词_复制,186136724,0.77,32,12.5%,0.0%,4,0.0,0.19,24.06,0.77,32,4,12.5%,0.19,24.06,0,0.0,0.0,0.0,0,0.0,0.00,0.0,0,0.00,0.0,0,0,0.0,0,0,0.0,0,0.0,0.0,0.0,0,0.0,0.0,0.0,0,0.0,0.0,0.0,4,0,0.0,12.5%,0.0%,0.0%,0.0%,0,0.0,0.0
2026-05-26,三文鱼爆款购买潜在需求,186737237,9.31,280,17.86%,0.0%,50,0.0,0.19,33.25,9.31,279,50,17.92%,0.19,33.37,0,0.0,0.0,0.0,0,0.0,0.00,0.0,0,0.00,0.0,0,0,0.0,0,0,0.0,0,0.0,0.0,0.0,0,0.0,0.0,0.0,0,0.0,0.0,0.0,57,9,2.49,20.36%,18.0%,26.74%,0.0%,0,0.0,0.0
2026-05-26,三文鱼,194400456,1.00,4,25.0%,0.0%,1,0.0,1.0,250.0,1.0,4,1,25.0%,1.0,250.0,0,0.0,0.0,0.0,0,0.0,0.00,0.0,0,0.00,0.0,0,0,0.0,0,0,0.0,0,0.0,0.0,0.0,0,0.0,0.0,0.0,0,0.0,0.0,0.0,0,0,0.0,0.0%,0.0%,0.0%,0.0%,0,0.0,0.0
2026-05-26,7日虾仁笔记_复制,195192732,0.79,28,10.71%,0.0%,3,0.0,0.26,28.21,0.79,28,3,10.71%,0.26,28.21,0,0.0,0.0,0.0,0,0.0,0.00,0.0,0,0.00,0.0,0,0,0.0,0,0,0.0,0,0.0,0.0,0.0,0,0.0,0.0,0.0,0,0.0,0.0,0.0,8,1,0.03,28.57%,33.33%,3.8%,0.0%,0,0.0,0.0
2026-05-26,521虾仁测试,196982127,0.33,10,30.0%,0.0%,3,0.0,0.11,33.0,0.33,10,3,30.0%,0.11,33.0,0,0.0,0.0,0.0,0,0.0,0.00,0.0,0,0.00,0.0,0,0,0.0,0,0,0.0,0,0.0,0.0,0.0,0,0.0,0.0,0.0,0,0.0,0.0,0.0,3,1,0.17,30.0%,33.33%,51.52%,0.0%,0,0.0,0.0
2026-05-26,521三文鱼搜索,196988252,1.31,25,20.0%,0.0%,5,0.0,0.26,52.4,1.31,25,5,20.0%,0.26,52.4,0,0.0,0.0,0.0,0,0.0,0.00,0.0,0,0.00,0.0,0,0,0.0,0,0,0.0,0,0.0,0.0,0.0,0,0.0,0.0,0.0,0,0.0,0.0,0.0,5,2,0.74,20.0%,40.0%,56.79%,0.0%,0,0.0,0.0
2026-05-26,减脂餐词汇搜索_复制,198319589,0.00,1,0.0%,0.0%,0,0.0,0.0,0.0,0.0,1,0,0.0%,0.0,0.0,0,0.0,0.0,0.0,0,0.0,0.00,0.0,0,0.00,0.0,0,0,0.0,0,0,0.0,0,0.0,0.0,0.0,0,0.0,0.0,0.0,0,0.0,0.0,0.0,0,0,0.0,0.0%,0.0%,0.0%,0.0%,0,0.0,0.0
2026-05-26,三文鱼搜索关键词_20260526_170915,198328826,1.11,26,15.38%,0.0%,4,0.0,0.28,42.69,1.11,26,4,15.38%,0.28,42.69,0,0.0,0.0,0.0,0,0.0,0.00,0.0,0,0.00,0.0,0,0,0.0,0,0,0.0,0,0.0,0.0,0.0,0,0.0,0.0,0.0,0,0.0,0.0,0.0,10,2,1.01,38.46%,50.0%,91.02%,0.0%,0,0.0,0.0
2026-05-27,三文鱼搜索关键词,184817496,0.64,13,30.77%,0.0%,4,0.0,0.16,49.23,0.64,13,4,30.77%,0.16,49.23,0,0.0,0.0,0.0,0,0.0,0.00,0.0,0,0.00,0.0,0,0,0.0,0,0,0.0,0,0.0,0.0,0.0,0,0.0,0.0,0.0,0,0.0,0.0,0.0,6,2,0.1,46.15%,50.0%,15.63%,0.0%,0,0.0,0.0
2026-05-27,虾仁搜索,185525682,19.14,92,19.57%,0.0%,18,197.0,1.06,208.04,19.14,92,18,19.57%,1.06,208.04,0,0.0,0.0,0.0,0,0.0,0.00,0.0,0,0.00,0.0,0,0,0.0,0,0,0.0,2,9.57,197.0,10.29,2,9.57,197.0,10.29,2,9.57,197.0,10.29,24,11,18.26,26.09%,61.11%,95.4%,11.11%,2,197.0,10.29
2026-05-27,三文鱼搜索关键词_复制,186136724,0.22,9,11.11%,0.0%,1,0.0,0.22,24.44,0.22,9,1,11.11%,0.22,24.44,0,0.0,0.0,0.0,0,0.0,0.00,0.0,0,0.00,0.0,0,0,0.0,0,0,0.0,0,0.0,0.0,0.0,0,0.0,0.0,0.0,0,0.0,0.0,0.0,2,1,0.22,22.22%,100.0%,100.0%,0.0%,0,0.0,0.0
2026-05-27,三文鱼爆款购买潜在需求,186737237,10.53,279,17.92%,0.0%,50,68.0,0.21,37.74,10.53,276,50,18.12%,0.21,38.15,0,0.0,0.0,0.0,0,0.0,0.00,0.0,0,0.00,0.0,0,0,0.0,0,0,0.0,1,10.53,68.0,6.46,1,10.53,68.0,6.46,1,10.53,68.0,6.46,74,18,4.45,26.52%,36.0%,42.23%,2.0%,1,68.0,6.46
2026-05-27,三文鱼,194400456,0.01,3,33.33%,0.0%,1,0.0,0.01,3.33,0.01,3,1,33.33%,0.01,3.33,0,0.0,0.0,0.0,0,0.0,0.00,0.0,0,0.00,0.0,0,0,0.0,0,0,0.0,0,0.0,0.0,0.0,0,0.0,0.0,0.0,0,0.0,0.0,0.0,1,0,0.0,33.33%,0.0%,0.0%,0.0%,0,0.0,0.0
2026-05-27,7日虾仁笔记_复制,195192732,0.65,25,20.0%,0.0%,5,0.0,0.13,26.0,0.65,24,5,20.83%,0.13,27.08,0,0.0,0.0,0.0,0,0.0,0.00,0.0,0,0.00,0.0,0,0,0.0,0,0,0.0,0,0.0,0.0,0.0,0,0.0,0.0,0.0,0,0.0,0.0,0.0,10,4,0.39,40.0%,80.0%,60.0%,0.0%,0,0.0,0.0
2026-05-27,521虾仁测试,196982127,0.44,17,17.65%,0.0%,3,0.0,0.15,25.88,0.44,17,3,17.65%,0.15,25.88,0,0.0,0.0,0.0,0,0.0,0.00,0.0,0,0.00,0.0,0,0,0.0,0,0,0.0,0,0.0,0.0,0.0,0,0.0,0.0,0.0,0,0.0,0.0,0.0,3,0,0.0,17.65%,0.0%,0.0%,0.0%,0,0.0,0.0
2026-05-27,521三文鱼搜索,196988252,0.40,15,13.33%,0.0%,2,0.0,0.2,26.67,0.4,15,2,13.33%,0.2,26.67,0,0.0,0.0,0.0,0,0.0,0.00,0.0,0,0.00,0.0,0,0,0.0,0,0,0.0,0,0.0,0.0,0.0,0,0.0,0.0,0.0,0,0.0,0.0,0.0,3,1,0.39,20.0%,50.0%,97.5%,0.0%,0,0.0,0.0
2026-05-27,减脂餐词汇搜索_复制,198319589,0.68,12,33.33%,0.0%,4,0.0,0.17,56.67,0.68,12,4,33.33%,0.17,56.67,0,0.0,0.0,0.0,0,0.0,0.00,0.0,0,0.00,0.0,0,0,0.0,0,0,0.0,0,0.0,0.0,0.0,0,0.0,0.0,0.0,0,0.0,0.0,0.0,0,0,0.0,0.0%,0.0%,0.0%,0.0%,0,0.0,0.0
2026-05-27,三文鱼搜索关键词_20260526_170915,198328826,0.90,17,17.65%,0.0%,3,0.0,0.3,52.94,0.9,17,3,17.65%,0.3,52.94,0,0.0,0.0,0.0,0,0.0,0.00,0.0,0,0.00,0.0,0,0,0.0,0,0,0.0,0,0.0,0.0,0.0,0,0.0,0.0,0.0,0,0.0,0.0,0.0,6,2,0.08,35.29%,66.67%,8.73%,0.0%,0,0.0,0.0
2026-05-27,虾仁互动,198682486,2.40,13,7.69%,0.0%,1,0.0,2.4,184.62,2.4,13,1,7.69%,2.4,184.62,0,0.0,0.0,0.0,0,0.0,0.00,0.0,0,0.00,0.0,0,0,0.0,0,0,0.0,0,0.0,0.0,0.0,0,0.0,0.0,0.0,0,0.0,0.0,0.0,6,1,2.4,46.15%,100.0%,100.0%,0.0%,0,0.0,0.0
2026-05-28,三文鱼搜索关键词,184817496,0.41,17,23.53%,0.0%,4,0.0,0.1,24.12,0.41,17,4,23.53%,0.1,24.12,0,0.0,0.0,0.0,0,0.0,0.00,0.0,0,0.00,0.0,0,0,0.0,0,0,0.0,0,0.0,0.0,0.0,0,0.0,0.0,0.0,0,0.0,0.0,0.0,5,3,0.36,29.41%,75.0%,87.8%,0.0%,0,0.0,0.0
2026-05-28,虾仁搜索,185525682,1.15,71,9.86%,0.0%,7,0.0,0.16,16.2,1.15,71,7,9.86%,0.16,16.2,0,0.0,0.0,0.0,0,0.0,0.00,0.0,0,0.00,0.0,0,0,0.0,0,0,0.0,0,0.0,0.0,0.0,0,0.0,0.0,0.0,0,0.0,0.0,0.0,20,2,0.36,28.17%,28.57%,31.3%,0.0%,0,0.0,0.0
2026-05-28,三文鱼搜索关键词_复制,186136724,0.05,5,20.0%,0.0%,1,0.0,0.05,10.0,0.05,5,1,20.0%,0.05,10.0,0,0.0,0.0,0.0,0,0.0,0.00,0.0,0,0.00,0.0,0,0,0.0,0,0,0.0,0,0.0,0.0,0.0,0,0.0,0.0,0.0,0,0.0,0.0,0.0,1,0,0.0,20.0%,0.0%,0.0%,0.0%,0,0.0,0.0
2026-05-28,三文鱼爆款购买潜在需求,186737237,5.25,216,12.96%,0.0%,28,0.0,0.19,24.31,5.25,212,28,13.21%,0.19,24.76,0,0.0,0.0,0.0,0,0.0,0.00,0.0,0,0.00,0.0,0,0,0.0,0,0,0.0,0,0.0,0.0,0.0,0,0.0,0.0,0.0,0,0.0,0.0,0.0,54,8,2.66,25.0%,28.57%,50.73%,0.0%,0,0.0,0.0
2026-05-28,三文鱼,194400456,0.00,7,0.0%,0.0%,0,0.0,0.0,0.0,0.0,7,0,0.0%,0.0,0.0,0,0.0,0.0,0.0,0,0.0,0.00,0.0,0,0.00,0.0,0,0,0.0,0,0,0.0,0,0.0,0.0,0.0,0,0.0,0.0,0.0,0,0.0,0.0,0.0,0,0,0.0,0.0%,0.0%,0.0%,0.0%,0,0.0,0.0
2026-05-28,7日虾仁笔记_复制,195192732,0.24,14,14.29%,0.0%,2,0.0,0.12,17.14,0.24,13,2,15.38%,0.12,18.46,0,0.0,0.0,0.0,0,0.0,0.00,0.0,0,0.00,0.0,0,0,0.0,0,0,0.0,0,0.0,0.0,0.0,0,0.0,0.0,0.0,0,0.0,0.0,0.0,2,0,0.0,14.29%,0.0%,0.0%,0.0%,0,0.0,0.0
2026-05-28,521虾仁测试,196982127,0.00,7,0.0%,0.0%,0,0.0,0.0,0.0,0.0,7,0,0.0%,0.0,0.0,0,0.0,0.0,0.0,0,0.0,0.00,0.0,0,0.00,0.0,0,0,0.0,0,0,0.0,0,0.0,0.0,0.0,0,0.0,0.0,0.0,0,0.0,0.0,0.0,1,0,0.0,14.29%,0.0%,0.0%,0.0%,0,0.0,0.0
2026-05-28,521虾仁测试_复制,196982135,0.69,1,100.0%,0.0%,1,0.0,0.69,690.0,0.69,1,1,100.0%,0.69,690.0,0,0.0,0.0,0.0,0,0.0,0.00,0.0,0,0.00,0.0,0,0,0.0,0,0,0.0,0,0.0,0.0,0.0,0,0.0,0.0,0.0,0,0.0,0.0,0.0,0,0,0.0,0.0%,0.0%,0.0%,0.0%,0,0.0,0.0
2026-05-28,521三文鱼搜索,196988252,0.11,13,7.69%,0.0%,1,0.0,0.11,8.46,0.11,13,1,7.69%,0.11,8.46,0,0.0,0.0,0.0,0,0.0,0.00,0.0,0,0.00,0.0,0,0,0.0,0,0,0.0,0,0.0,0.0,0.0,0,0.0,0.0,0.0,0,0.0,0.0,0.0,0,0,0.0,0.0%,0.0%,0.0%,0.0%,0,0.0,0.0
2026-05-28,减脂餐词汇搜索_复制,198319589,0.10,6,16.67%,0.0%,1,0.0,0.1,16.67,0.1,6,1,16.67%,0.1,16.67,0,0.0,0.0,0.0,0,0.0,0.00,0.0,0,0.00,0.0,0,0,0.0,0,0,0.0,0,0.0,0.0,0.0,0,0.0,0.0,0.0,0,0.0,0.0,0.0,0,0,0.0,0.0%,0.0%,0.0%,0.0%,0,0.0,0.0
2026-05-28,三文鱼搜索关键词_20260526_170915,198328826,0.28,25,8.0%,0.0%,2,0.0,0.14,11.2,0.28,25,2,8.0%,0.14,11.2,0,0.0,0.0,0.0,0,0.0,0.00,0.0,0,0.00,0.0,0,0,0.0,0,0,0.0,0,0.0,0.0,0.0,0,0.0,0.0,0.0,0,0.0,0.0,0.0,3,0,0.0,12.0%,0.0%,0.0%,0.0%,0,0.0,0.0
2026-05-28,虾仁互动,198682486,2.28,13,15.38%,0.0%,2,0.0,1.14,175.38,2.28,13,2,15.38%,1.14,175.38,0,0.0,0.0,0.0,0,0.0,0.00,0.0,0,0.00,0.0,0,0,0.0,0,0,0.0,0,0.0,0.0,0.0,0,0.0,0.0,0.0,0,0.0,0.0,0.0,3,0,0.0,23.08%,0.0%,0.0%,0.0%,0,0.0,0.0
2026-05-28,三文鱼搜索新计划,198891243,0.00,5,0.0%,0.0%,0,0.0,0.0,0.0,0.0,5,0,0.0%,0.0,0.0,0,0.0,0.0,0.0,0,0.0,0.00,0.0,0,0.00,0.0,0,0,0.0,0,0,0.0,0,0.0,0.0,0.0,0,0.0,0.0,0.0,0,0.0,0.0,0.0,1,0,0.0,20.0%,0.0%,0.0%,0.0%,0,0.0,0.0
2026-05-28,虾仁高购买意图测试,198948610,0.00,5,0.0%,0.0%,0,0.0,0.0,0.0,0.0,5,0,0.0%,0.0,0.0,0,0.0,0.0,0.0,0,0.0,0.00,0.0,0,0.00,0.0,0,0,0.0,0,0,0.0,0,0.0,0.0,0.0,0,0.0,0.0,0.0,0,0.0,0.0,0.0,0,0,0.0,0.0%,0.0%,0.0%,0.0%,0,0.0,0.0
2026-05-28,虾仁笔记推词测试,198949210,0.00,7,0.0%,0.0%,0,0.0,0.0,0.0,0.0,7,0,0.0%,0.0,0.0,0,0.0,0.0,0.0,0,0.0,0.00,0.0,0,0.00,0.0,0,0,0.0,0,0,0.0,0,0.0,0.0,0.0,0,0.0,0.0,0.0,0,0.0,0.0,0.0,0,0,0.0,0.0%,0.0%,0.0%,0.0%,0,0.0,0.0
2026-05-28,虾仁高购买意图测试_复制roi计划,198959467,11.48,122,10.66%,0.0%,13,69.0,0.88,94.1,11.48,122,13,10.66%,0.88,94.1,0,0.0,0.0,0.0,0,0.0,0.00,0.0,0,0.00,0.0,0,0,0.0,0,0,0.0,1,11.48,69.0,6.01,1,11.48,69.0,6.01,1,11.48,69.0,6.01,14,4,4.99,11.48%,30.77%,43.48%,7.69%,1,69.0,6.01
2026-05-28,三文鱼购买意图测试,198960741,0.55,12,16.67%,0.0%,2,0.0,0.28,45.83,0.55,12,2,16.67%,0.28,45.83,0,0.0,0.0,0.0,0,0.0,0.00,0.0,0,0.00,0.0,0,0,0.0,0,0,0.0,0,0.0,0.0,0.0,0,0.0,0.0,0.0,0,0.0,0.0,0.0,3,0,0.0,25.0%,0.0%,0.0%,0.0%,0,0.0,0.0
2026-05-28,三文鱼做法意图测试,198981408,0.00,3,0.0%,0.0%,0,0.0,0.0,0.0,0.0,3,0,0.0%,0.0,0.0,0,0.0,0.0,0.0,0,0.0,0.00,0.0,0,0.00,0.0,0,0,0.0,0,0,0.0,0,0.0,0.0,0.0,0,0.0,0.0,0.0,0,0.0,0.0,0.0,0,0,0.0,0.0%,0.0%,0.0%,0.0%,0,0.0,0.0
2026-05-28,山姆盒马三文鱼截流,198986280,0.00,1,0.0%,0.0%,0,0.0,0.0,0.0,0.0,1,0,0.0%,0.0,0.0,0,0.0,0.0,0.0,0,0.0,0.00,0.0,0,0.00,0.0,0,0,0.0,0,0,0.0,0,0.0,0.0,0.0,0,0.0,0.0,0.0,0,0.0,0.0,0.0,0,0,0.0,0.0%,0.0%,0.0%,0.0%,0,0.0,0.0
2026-05-28,三文鱼购买意图测试_复制,199033726,4.77,137,9.49%,0.0%,13,0.0,0.37,34.82,4.77,136,13,9.56%,0.37,35.07,0,0.0,0.0,0.0,0,0.0,0.00,0.0,0,0.00,0.0,0,0,0.0,0,0,0.0,0,0.0,0.0,0.0,0,0.0,0.0,0.0,0,0.0,0.0,0.0,33,3,3.45,24.09%,23.08%,72.33%,0.0%,0,0.0,0.0
2026-05-29,三文鱼搜索关键词,184817496,0.00,13,0.0%,0.0%,0,0.0,0.0,0.0,0.0,13,0,0.0%,0.0,0.0,0,0.0,0.0,0.0,0,0.0,0.00,0.0,0,0.00,0.0,0,0,0.0,0,0,0.0,0,0.0,0.0,0.0,0,0.0,0.0,0.0,0,0.0,0.0,0.0,4,0,0.0,30.77%,0.0%,0.0%,0.0%,0,0.0,0.0
2026-05-29,虾仁搜索,185525682,0.38,24,8.33%,0.0%,2,0.0,0.19,15.83,0.38,24,2,8.33%,0.19,15.83,0,0.0,0.0,0.0,0,0.0,0.00,0.0,0,0.00,0.0,0,0,0.0,0,0,0.0,0,0.0,0.0,0.0,0,0.0,0.0,0.0,0,0.0,0.0,0.0,6,1,0.09,25.0%,50.0%,23.68%,0.0%,0,0.0,0.0
2026-05-29,三文鱼搜索关键词_复制,186136724,0.04,4,50.0%,0.0%,2,0.0,0.02,10.0,0.04,4,2,50.0%,0.02,10.0,0,0.0,0.0,0.0,0,0.0,0.00,0.0,0,0.00,0.0,0,0,0.0,0,0,0.0,0,0.0,0.0,0.0,0,0.0,0.0,0.0,0,0.0,0.0,0.0,2,1,0.01,50.0%,50.0%,25.0%,0.0%,0,0.0,0.0
2026-05-29,三文鱼爆款购买潜在需求,186737237,0.89,43,13.95%,0.0%,6,0.0,0.15,20.7,0.89,43,6,13.95%,0.15,20.7,0,0.0,0.0,0.0,0,0.0,0.00,0.0,0,0.00,0.0,0,0,0.0,0,0,0.0,0,0.0,0.0,0.0,0,0.0,0.0,0.0,0,0.0,0.0,0.0,9,0,0.0,20.93%,0.0%,0.0%,0.0%,0,0.0,0.0
2026-05-29,三文鱼,194400456,0.00,1,0.0%,0.0%,0,0.0,0.0,0.0,0.0,1,0,0.0%,0.0,0.0,0,0.0,0.0,0.0,0,0.0,0.00,0.0,0,0.00,0.0,0,0,0.0,0,0,0.0,0,0.0,0.0,0.0,0,0.0,0.0,0.0,0,0.0,0.0,0.0,0,0,0.0,0.0%,0.0%,0.0%,0.0%,0,0.0,0.0
2026-05-29,7日虾仁笔记_复制,195192732,0.41,7,42.86%,0.0%,3,0.0,0.14,58.57,0.41,7,3,42.86%,0.14,58.57,0,0.0,0.0,0.0,0,0.0,0.00,0.0,0,0.00,0.0,0,0,0.0,0,0,0.0,0,0.0,0.0,0.0,0,0.0,0.0,0.0,0,0.0,0.0,0.0,4,2,0.3,57.14%,66.67%,73.17%,0.0%,0,0.0,0.0
2026-05-29,521虾仁测试,196982127,0.00,3,0.0%,0.0%,0,0.0,0.0,0.0,0.0,3,0,0.0%,0.0,0.0,0,0.0,0.0,0.0,0,0.0,0.00,0.0,0,0.00,0.0,0,0,0.0,0,0,0.0,0,0.0,0.0,0.0,0,0.0,0.0,0.0,0,0.0,0.0,0.0,0,0,0.0,0.0%,0.0%,0.0%,0.0%,0,0.0,0.0
2026-05-29,521虾仁测试_复制,196982135,0.00,2,0.0%,0.0%,0,0.0,0.0,0.0,0.0,2,0,0.0%,0.0,0.0,0,0.0,0.0,0.0,0,0.0,0.00,0.0,0,0.00,0.0,0,0,0.0,0,0,0.0,0,0.0,0.0,0.0,0,0.0,0.0,0.0,0,0.0,0.0,0.0,0,0,0.0,0.0%,0.0%,0.0%,0.0%,0,0.0,0.0
2026-05-29,521三文鱼搜索,196988252,0.00,7,0.0%,0.0%,0,0.0,0.0,0.0,0.0,7,0,0.0%,0.0,0.0,0,0.0,0.0,0.0,0,0.0,0.00,0.0,0,0.00,0.0,0,0,0.0,0,0,0.0,0,0.0,0.0,0.0,0,0.0,0.0,0.0,0,0.0,0.0,0.0,2,0,0.0,28.57%,0.0%,0.0%,0.0%,0,0.0,0.0
2026-05-29,减脂餐词汇搜索_复制,198319589,0.24,7,28.57%,0.0%,2,0.0,0.12,34.29,0.24,7,2,28.57%,0.12,34.29,0,0.0,0.0,0.0,0,0.0,0.00,0.0,0,0.00,0.0,0,0,0.0,0,0,0.0,0,0.0,0.0,0.0,0,0.0,0.0,0.0,0,0.0,0.0,0.0,1,1,0.11,14.29%,50.0%,45.83%,0.0%,0,0.0,0.0
2026-05-29,三文鱼搜索关键词_20260526_170915,198328826,0.01,12,8.33%,0.0%,1,0.0,0.01,0.83,0.01,12,1,8.33%,0.01,0.83,0,0.0,0.0,0.0,0,0.0,0.00,0.0,0,0.00,0.0,0,0,0.0,0,0,0.0,0,0.0,0.0,0.0,0,0.0,0.0,0.0,0,0.0,0.0,0.0,1,0,0.0,8.33%,0.0%,0.0%,0.0%,0,0.0,0.0
2026-05-29,三文鱼搜索新计划,198891243,0.19,1,100.0%,0.0%,1,0.0,0.19,190.0,0.19,1,1,100.0%,0.19,190.0,0,0.0,0.0,0.0,0,0.0,0.00,0.0,0,0.00,0.0,0,0,0.0,0,0,0.0,0,0.0,0.0,0.0,0,0.0,0.0,0.0,0,0.0,0.0,0.0,0,0,0.0,0.0%,0.0%,0.0%,0.0%,0,0.0,0.0
2026-05-29,虾仁高购买意图测试,198948610,0.05,5,20.0%,0.0%,1,0.0,0.05,10.0,0.05,5,1,20.0%,0.05,10.0,0,0.0,0.0,0.0,0,0.0,0.00,0.0,0,0.00,0.0,0,0,0.0,0,0,0.0,0,0.0,0.0,0.0,0,0.0,0.0,0.0,0,0.0,0.0,0.0,0,0,0.0,0.0%,0.0%,0.0%,0.0%,0,0.0,0.0
2026-05-29,虾仁笔记推词测试,198949210,0.00,11,0.0%,0.0%,0,0.0,0.0,0.0,0.0,11,0,0.0%,0.0,0.0,0,0.0,0.0,0.0,0,0.0,0.00,0.0,0,0.00,0.0,0,0,0.0,0,0,0.0,0,0.0,0.0,0.0,0,0.0,0.0,0.0,0,0.0,0.0,0.0,0,0,0.0,0.0%,0.0%,0.0%,0.0%,0,0.0,0.0
2026-05-29,虾仁高购买意图测试_复制roi计划,198959467,6.94,276,11.23%,0.0%,31,0.0,0.22,25.14,6.94,276,31,11.23%,0.22,25.14,0,0.0,0.0,0.0,0,0.0,0.00,0.0,0,0.00,0.0,0,0,0.0,0,0,0.0,0,0.0,0.0,0.0,0,0.0,0.0,0.0,0,0.0,0.0,0.0,32,6,1.23,11.59%,19.35%,17.79%,0.0%,0,0.0,0.0
2026-05-29,三文鱼购买意图测试,198960741,0.66,30,10.0%,0.0%,3,0.0,0.22,22.0,0.66,30,3,10.0%,0.22,22.0,0,0.0,0.0,0.0,0,0.0,0.00,0.0,0,0.00,0.0,0,0,0.0,0,0,0.0,0,0.0,0.0,0.0,0,0.0,0.0,0.0,0,0.0,0.0,0.0,4,1,0.01,13.33%,33.33%,1.5%,0.0%,0,0.0,0.0
2026-05-29,三文鱼做法意图测试,198981408,0.00,6,0.0%,0.0%,0,0.0,0.0,0.0,0.0,6,0,0.0%,0.0,0.0,0,0.0,0.0,0.0,0,0.0,0.00,0.0,0,0.00,0.0,0,0,0.0,0,0,0.0,0,0.0,0.0,0.0,0,0.0,0.0,0.0,0,0.0,0.0,0.0,0,0,0.0,0.0%,0.0%,0.0%,0.0%,0,0.0,0.0
2026-05-29,山姆盒马三文鱼截流,198986280,0.00,6,0.0%,0.0%,0,0.0,0.0,0.0,0.0,6,0,0.0%,0.0,0.0,0,0.0,0.0,0.0,0,0.0,0.00,0.0,0,0.00,0.0,0,0,0.0,0,0,0.0,0,0.0,0.0,0.0,0,0.0,0.0,0.0,0,0.0,0.0,0.0,0,0,0.0,0.0%,0.0%,0.0%,0.0%,0,0.0,0.0
2026-05-29,三文鱼购买意图测试_复制,199033726,32.85,1167,12.34%,0.0%,144,128.0,0.23,28.15,32.85,1161,144,12.4%,0.23,28.29,0,0.0,0.0,0.0,0,0.0,0.00,0.0,0,0.00,0.0,0,0,0.0,0,0,0.0,1,32.85,128.0,3.9,1,32.85,128.0,3.9,1,32.85,128.0,3.9,283,54,16.1,24.25%,37.5%,49.0%,0.69%,1,128.0,3.9
2026-05-30,三文鱼搜索关键词,184817496,0.01,5,20.0%,0.0%,1,0.0,0.01,2.0,0.01,5,1,20.0%,0.01,2.0,0,0.0,0.0,0.0,0,0.0,0.00,0.0,0,0.00,0.0,0,0,0.0,0,0,0.0,0,0.0,0.0,0.0,0,0.0,0.0,0.0,0,0.0,0.0,0.0,1,0,0.0,20.0%,0.0%,0.0%,0.0%,0,0.0,0.0
2026-05-30,虾仁搜索,185525682,0.12,14,7.14%,0.0%,1,0.0,0.12,8.57,0.12,14,1,7.14%,0.12,8.57,0,0.0,0.0,0.0,0,0.0,0.00,0.0,0,0.00,0.0,0,0,0.0,0,0,0.0,0,0.0,0.0,0.0,0,0.0,0.0,0.0,0,0.0,0.0,0.0,2,0,0.0,14.29%,0.0%,0.0%,0.0%,0,0.0,0.0
2026-05-30,三文鱼搜索关键词_复制,186136724,0.00,5,0.0%,0.0%,0,0.0,0.0,0.0,0.0,5,0,0.0%,0.0,0.0,0,0.0,0.0,0.0,0,0.0,0.00,0.0,0,0.00,0.0,0,0,0.0,0,0,0.0,0,0.0,0.0,0.0,0,0.0,0.0,0.0,0,0.0,0.0,0.0,1,0,0.0,20.0%,0.0%,0.0%,0.0%,0,0.0,0.0
2026-05-30,三文鱼爆款购买潜在需求,186737237,0.11,13,7.69%,0.0%,1,0.0,0.11,8.46,0.11,13,1,7.69%,0.11,8.46,0,0.0,0.0,0.0,0,0.0,0.00,0.0,0,0.00,0.0,0,0,0.0,0,0,0.0,0,0.0,0.0,0.0,0,0.0,0.0,0.0,0,0.0,0.0,0.0,4,0,0.0,30.77%,0.0%,0.0%,0.0%,0,0.0,0.0
2026-05-30,三文鱼,194400456,0.00,2,0.0%,0.0%,0,0.0,0.0,0.0,0.0,2,0,0.0%,0.0,0.0,0,0.0,0.0,0.0,0,0.0,0.00,0.0,0,0.00,0.0,0,0,0.0,0,0,0.0,0,0.0,0.0,0.0,0,0.0,0.0,0.0,0,0.0,0.0,0.0,0,0,0.0,0.0%,0.0%,0.0%,0.0%,0,0.0,0.0
2026-05-30,7日虾仁笔记_复制,195192732,0.68,11,36.36%,0.0%,4,0.0,0.17,61.82,0.68,11,4,36.36%,0.17,61.82,0,0.0,0.0,0.0,0,0.0,0.00,0.0,0,0.00,0.0,0,0,0.0,0,0,0.0,0,0.0,0.0,0.0,0,0.0,0.0,0.0,0,0.0,0.0,0.0,2,1,0.2,18.18%,25.0%,29.41%,0.0%,0,0.0,0.0
2026-05-30,521虾仁测试,196982127,0.00,1,0.0%,0.0%,0,0.0,0.0,0.0,0.0,1,0,0.0%,0.0,0.0,0,0.0,0.0,0.0,0,0.0,0.00,0.0,0,0.00,0.0,0,0,0.0,0,0,0.0,0,0.0,0.0,0.0,0,0.0,0.0,0.0,0,0.0,0.0,0.0,1,0,0.0,100.0%,0.0%,0.0%,0.0%,0,0.0,0.0
2026-05-30,521三文鱼搜索,196988252,0.05,1,100.0%,0.0%,1,0.0,0.05,50.0,0.05,1,1,100.0%,0.05,50.0,0,0.0,0.0,0.0,0,0.0,0.00,0.0,0,0.00,0.0,0,0,0.0,0,0,0.0,0,0.0,0.0,0.0,0,0.0,0.0,0.0,0,0.0,0.0,0.0,1,1,0.05,100.0%,100.0%,100.0%,0.0%,0,0.0,0.0
2026-05-30,减脂餐词汇搜索_复制,198319589,0.00,6,0.0%,0.0%,0,0.0,0.0,0.0,0.0,6,0,0.0%,0.0,0.0,0,0.0,0.0,0.0,0,0.0,0.00,0.0,0,0.00,0.0,0,0,0.0,0,0,0.0,0,0.0,0.0,0.0,0,0.0,0.0,0.0,0,0.0,0.0,0.0,1,0,0.0,16.67%,0.0%,0.0%,0.0%,0,0.0,0.0
2026-05-30,三文鱼搜索关键词_20260526_170915,198328826,0.00,3,0.0%,0.0%,0,0.0,0.0,0.0,0.0,3,0,0.0%,0.0,0.0,0,0.0,0.0,0.0,0,0.0,0.00,0.0,0,0.00,0.0,0,0,0.0,0,0,0.0,0,0.0,0.0,0.0,0,0.0,0.0,0.0,0,0.0,0.0,0.0,0,0,0.0,0.0%,0.0%,0.0%,0.0%,0,0.0,0.0
2026-05-30,三文鱼搜索新计划,198891243,0.00,4,0.0%,0.0%,0,0.0,0.0,0.0,0.0,4,0,0.0%,0.0,0.0,0,0.0,0.0,0.0,0,0.0,0.00,0.0,0,0.00,0.0,0,0,0.0,0,0,0.0,0,0.0,0.0,0.0,0,0.0,0.0,0.0,0,0.0,0.0,0.0,2,0,0.0,50.0%,0.0%,0.0%,0.0%,0,0.0,0.0
2026-05-30,虾仁高购买意图测试,198948610,0.00,2,0.0%,0.0%,0,0.0,0.0,0.0,0.0,2,0,0.0%,0.0,0.0,0,0.0,0.0,0.0,0,0.0,0.00,0.0,0,0.00,0.0,0,0,0.0,0,0,0.0,0,0.0,0.0,0.0,0,0.0,0.0,0.0,0,0.0,0.0,0.0,1,0,0.0,50.0%,0.0%,0.0%,0.0%,0,0.0,0.0
2026-05-30,虾仁笔记推词测试,198949210,0.00,6,0.0%,0.0%,0,0.0,0.0,0.0,0.0,6,0,0.0%,0.0,0.0,0,0.0,0.0,0.0,0,0.0,0.00,0.0,0,0.00,0.0,0,0,0.0,0,0,0.0,0,0.0,0.0,0.0,0,0.0,0.0,0.0,0,0.0,0.0,0.0,0,0,0.0,0.0%,0.0%,0.0%,0.0%,0,0.0,0.0
2026-05-30,虾仁高购买意图测试_复制roi计划,198959467,4.81,207,12.56%,0.0%,26,0.0,0.19,23.24,4.81,207,26,12.56%,0.19,23.24,0,0.0,0.0,0.0,0,0.0,0.00,0.0,0,0.00,0.0,0,0,0.0,0,0,0.0,0,0.0,0.0,0.0,0,0.0,0.0,0.0,0,0.0,0.0,0.0,35,6,1.53,16.91%,23.08%,31.74%,0.0%,0,0.0,0.0
2026-05-30,三文鱼购买意图测试,198960741,0.00,7,0.0%,0.0%,0,0.0,0.0,0.0,0.0,7,0,0.0%,0.0,0.0,0,0.0,0.0,0.0,0,0.0,0.00,0.0,0,0.00,0.0,0,0,0.0,0,0,0.0,0,0.0,0.0,0.0,0,0.0,0.0,0.0,0,0.0,0.0,0.0,2,0,0.0,28.57%,0.0%,0.0%,0.0%,0,0.0,0.0
2026-05-30,三文鱼做法意图测试,198981408,0.00,4,0.0%,0.0%,0,0.0,0.0,0.0,0.0,4,0,0.0%,0.0,0.0,0,0.0,0.0,0.0,0,0.0,0.00,0.0,0,0.00,0.0,0,0,0.0,0,0,0.0,0,0.0,0.0,0.0,0,0.0,0.0,0.0,0,0.0,0.0,0.0,3,0,0.0,75.0%,0.0%,0.0%,0.0%,0,0.0,0.0
2026-05-30,山姆盒马三文鱼截流,198986280,0.00,8,0.0%,0.0%,0,0.0,0.0,0.0,0.0,8,0,0.0%,0.0,0.0,0,0.0,0.0,0.0,0,0.0,0.00,0.0,0,0.00,0.0,0,0,0.0,0,0,0.0,0,0.0,0.0,0.0,0,0.0,0.0,0.0,0,0.0,0.0,0.0,1,0,0.0,12.5%,0.0%,0.0%,0.0%,0,0.0,0.0
2026-05-30,三文鱼购买意图测试_复制,199033726,41.12,1128,11.79%,0.0%,133,0.0,0.31,36.45,41.12,1109,133,11.99%,0.31,37.08,0,0.0,0.0,0.0,0,0.0,0.00,0.0,0,0.00,0.0,0,0,0.0,0,0,0.0,0,0.0,0.0,0.0,0,0.0,0.0,0.0,0,0.0,0.0,0.0,290,40,17.93,25.71%,30.08%,43.59%,0.0%,0,0.0,0.0
2026-05-31,三文鱼搜索关键词,184817496,0.00,6,0.0%,0.0%,0,0.0,0.0,0.0,0.0,6,0,0.0%,0.0,0.0,0,0.0,0.0,0.0,0,0.0,0.00,0.0,0,0.00,0.0,0,0,0.0,0,0,0.0,0,0.0,0.0,0.0,0,0.0,0.0,0.0,0,0.0,0.0,0.0,1,0,0.0,16.67%,0.0%,0.0%,0.0%,0,0.0,0.0
2026-05-31,虾仁搜索,185525682,0.93,19,21.05%,0.0%,4,0.0,0.23,48.95,0.93,19,4,21.05%,0.23,48.95,0,0.0,0.0,0.0,0,0.0,0.00,0.0,0,0.00,0.0,0,0,0.0,0,0,0.0,0,0.0,0.0,0.0,0,0.0,0.0,0.0,0,0.0,0.0,0.0,2,1,0.35,10.53%,25.0%,37.63%,0.0%,0,0.0,0.0
2026-05-31,三文鱼搜索关键词_复制,186136724,0.00,3,0.0%,0.0%,0,0.0,0.0,0.0,0.0,3,0,0.0%,0.0,0.0,0,0.0,0.0,0.0,0,0.0,0.00,0.0,0,0.00,0.0,0,0,0.0,0,0,0.0,0,0.0,0.0,0.0,0,0.0,0.0,0.0,0,0.0,0.0,0.0,1,0,0.0,33.33%,0.0%,0.0%,0.0%,0,0.0,0.0
2026-05-31,三文鱼爆款购买潜在需求,186737237,0.06,2,50.0%,0.0%,1,0.0,0.06,30.0,0.06,2,1,50.0%,0.06,30.0,0,0.0,0.0,0.0,0,0.0,0.00,0.0,0,0.00,0.0,0,0,0.0,0,0,0.0,0,0.0,0.0,0.0,0,0.0,0.0,0.0,0,0.0,0.0,0.0,0,0,0.0,0.0%,0.0%,0.0%,0.0%,0,0.0,0.0
2026-05-31,三文鱼,194400456,0.00,1,0.0%,0.0%,0,0.0,0.0,0.0,0.0,1,0,0.0%,0.0,0.0,0,0.0,0.0,0.0,0,0.0,0.00,0.0,0,0.00,0.0,0,0,0.0,0,0,0.0,0,0.0,0.0,0.0,0,0.0,0.0,0.0,0,0.0,0.0,0.0,0,0,0.0,0.0%,0.0%,0.0%,0.0%,0,0.0,0.0
2026-05-31,7日虾仁笔记_复制,195192732,0.14,17,11.76%,0.0%,2,0.0,0.07,8.24,0.14,17,2,11.76%,0.07,8.24,0,0.0,0.0,0.0,0,0.0,0.00,0.0,0,0.00,0.0,0,0,0.0,0,0,0.0,0,0.0,0.0,0.0,0,0.0,0.0,0.0,0,0.0,0.0,0.0,3,0,0.0,17.65%,0.0%,0.0%,0.0%,0,0.0,0.0
2026-05-31,521虾仁测试,196982127,0.00,2,0.0%,0.0%,0,0.0,0.0,0.0,0.0,2,0,0.0%,0.0,0.0,0,0.0,0.0,0.0,0,0.0,0.00,0.0,0,0.00,0.0,0,0,0.0,0,0,0.0,0,0.0,0.0,0.0,0,0.0,0.0,0.0,0,0.0,0.0,0.0,0,0,0.0,0.0%,0.0%,0.0%,0.0%,0,0.0,0.0
2026-05-31,521虾仁测试_复制,196982135,0.00,1,0.0%,0.0%,0,0.0,0.0,0.0,0.0,1,0,0.0%,0.0,0.0,0,0.0,0.0,0.0,0,0.0,0.00,0.0,0,0.00,0.0,0,0,0.0,0,0,0.0,0,0.0,0.0,0.0,0,0.0,0.0,0.0,0,0.0,0.0,0.0,0,0,0.0,0.0%,0.0%,0.0%,0.0%,0,0.0,0.0
2026-05-31,521三文鱼搜索,196988252,0.00,8,0.0%,0.0%,0,0.0,0.0,0.0,0.0,8,0,0.0%,0.0,0.0,0,0.0,0.0,0.0,0,0.0,0.00,0.0,0,0.00,0.0,0,0,0.0,0,0,0.0,0,0.0,0.0,0.0,0,0.0,0.0,0.0,0,0.0,0.0,0.0,1,0,0.0,12.5%,0.0%,0.0%,0.0%,0,0.0,0.0
2026-05-31,减脂餐词汇搜索_复制,198319589,0.00,10,0.0%,0.0%,0,0.0,0.0,0.0,0.0,10,0,0.0%,0.0,0.0,0,0.0,0.0,0.0,0,0.0,0.00,0.0,0,0.00,0.0,0,0,0.0,0,0,0.0,0,0.0,0.0,0.0,0,0.0,0.0,0.0,0,0.0,0.0,0.0,0,0,0.0,0.0%,0.0%,0.0%,0.0%,0,0.0,0.0
2026-05-31,三文鱼搜索关键词_20260526_170915,198328826,0.36,10,30.0%,0.0%,3,0.0,0.12,36.0,0.36,10,3,30.0%,0.12,36.0,0,0.0,0.0,0.0,0,0.0,0.00,0.0,0,0.00,0.0,0,0,0.0,0,0,0.0,0,0.0,0.0,0.0,0,0.0,0.0,0.0,0,0.0,0.0,0.0,0,0,0.0,0.0%,0.0%,0.0%,0.0%,0,0.0,0.0
2026-05-31,三文鱼搜索新计划,198891243,0.00,2,0.0%,0.0%,0,0.0,0.0,0.0,0.0,2,0,0.0%,0.0,0.0,0,0.0,0.0,0.0,0,0.0,0.00,0.0,0,0.00,0.0,0,0,0.0,0,0,0.0,0,0.0,0.0,0.0,0,0.0,0.0,0.0,0,0.0,0.0,0.0,0,0,0.0,0.0%,0.0%,0.0%,0.0%,0,0.0,0.0
2026-05-31,虾仁高购买意图测试,198948610,0.17,5,20.0%,0.0%,1,0.0,0.17,34.0,0.17,5,1,20.0%,0.17,34.0,0,0.0,0.0,0.0,0,0.0,0.00,0.0,0,0.00,0.0,0,0,0.0,0,0,0.0,0,0.0,0.0,0.0,0,0.0,0.0,0.0,0,0.0,0.0,0.0,0,0,0.0,0.0%,0.0%,0.0%,0.0%,0,0.0,0.0
2026-05-31,虾仁笔记推词测试,198949210,0.00,2,0.0%,0.0%,0,0.0,0.0,0.0,0.0,2,0,0.0%,0.0,0.0,0,0.0,0.0,0.0,0,0.0,0.00,0.0,0,0.00,0.0,0,0,0.0,0,0,0.0,0,0.0,0.0,0.0,0,0.0,0.0,0.0,0,0.0,0.0,0.0,0,0,0.0,0.0%,0.0%,0.0%,0.0%,0,0.0,0.0
2026-05-31,虾仁高购买意图测试_复制roi计划,198959467,14.42,388,12.37%,0.0%,48,69.0,0.3,37.16,14.42,388,48,12.37%,0.3,37.16,0,0.0,0.0,0.0,0,0.0,0.00,0.0,0,0.00,0.0,0,0,0.0,0,0,0.0,1,14.42,69.0,4.79,1,14.42,69.0,4.79,1,14.42,69.0,4.79,55,12,6.74,14.18%,25.0%,46.75%,2.08%,1,69.0,4.79
2026-05-31,三文鱼购买意图测试,198960741,0.00,20,0.0%,0.0%,0,0.0,0.0,0.0,0.0,20,0,0.0%,0.0,0.0,0,0.0,0.0,0.0,0,0.0,0.00,0.0,0,0.00,0.0,0,0,0.0,0,0,0.0,0,0.0,0.0,0.0,0,0.0,0.0,0.0,0,0.0,0.0,0.0,4,0,0.0,20.0%,0.0%,0.0%,0.0%,0,0.0,0.0
2026-05-31,三文鱼做法意图测试,198981408,0.00,6,0.0%,0.0%,0,0.0,0.0,0.0,0.0,6,0,0.0%,0.0,0.0,0,0.0,0.0,0.0,0,0.0,0.00,0.0,0,0.00,0.0,0,0,0.0,0,0,0.0,0,0.0,0.0,0.0,0,0.0,0.0,0.0,0,0.0,0.0,0.0,1,0,0.0,16.67%,0.0%,0.0%,0.0%,0,0.0,0.0
2026-05-31,山姆盒马三文鱼截流,198986280,0.00,12,0.0%,0.0%,0,0.0,0.0,0.0,0.0,12,0,0.0%,0.0,0.0,0,0.0,0.0,0.0,0,0.0,0.00,0.0,0,0.00,0.0,0,0,0.0,0,0,0.0,0,0.0,0.0,0.0,0,0.0,0.0,0.0,0,0.0,0.0,0.0,2,0,0.0,16.67%,0.0%,0.0%,0.0%,0,0.0,0.0
2026-05-31,三文鱼购买意图测试_复制,199033726,99.48,1977,10.47%,0.0%,207,438.0,0.48,50.32,99.19,1963,206,10.49%,0.48,50.53,0,0.0,0.0,0.0,0,0.0,0.00,0.0,0,0.00,0.0,0,0,0.0,0,0,0.0,1,99.48,438.0,4.4,1,99.48,438.0,4.4,1,99.48,438.0,4.4,500,68,29.8,25.29%,32.85%,29.96%,0.48%,1,438.0,4.42
2026-06-01,三文鱼搜索关键词,184817496,0.02,9,11.11%,0.0%,1,0.0,0.02,2.22,0.02,9,1,11.11%,0.02,2.22,0,0.0,0.0,0.0,0,0.0,0.00,0.0,0,0.00,0.0,0,0,0.0,0,0,0.0,0,0.0,0.0,0.0,0,0.0,0.0,0.0,0,0.0,0.0,0.0,3,0,0.0,33.33%,0.0%,0.0%,0.0%,0,0.0,0.0
2026-06-01,虾仁搜索,185525682,0.36,8,12.5%,0.0%,1,0.0,0.36,45.0,0.36,8,1,12.5%,0.36,45.0,0,0.0,0.0,0.0,0,0.0,0.00,0.0,0,0.00,0.0,0,0,0.0,0,0,0.0,0,0.0,0.0,0.0,0,0.0,0.0,0.0,0,0.0,0.0,0.0,1,0,0.0,12.5%,0.0%,0.0%,0.0%,0,0.0,0.0
2026-06-01,三文鱼搜索关键词_复制,186136724,0.00,4,0.0%,0.0%,0,0.0,0.0,0.0,0.0,4,0,0.0%,0.0,0.0,0,0.0,0.0,0.0,0,0.0,0.00,0.0,0,0.00,0.0,0,0,0.0,0,0,0.0,0,0.0,0.0,0.0,0,0.0,0.0,0.0,0,0.0,0.0,0.0,1,0,0.0,25.0%,0.0%,0.0%,0.0%,0,0.0,0.0
2026-06-01,三文鱼爆款购买潜在需求,186737237,2.35,74,16.22%,0.0%,12,118.0,0.2,31.76,2.35,71,12,16.9%,0.2,33.1,0,0.0,0.0,0.0,0,0.0,0.00,0.0,0,0.00,0.0,0,0,0.0,0,0,0.0,1,2.35,118.0,50.21,1,2.35,118.0,50.21,1,2.35,118.0,50.21,19,2,0.27,25.68%,16.67%,11.49%,8.33%,1,118.0,50.21
2026-06-01,三文鱼,194400456,0.00,2,0.0%,0.0%,0,0.0,0.0,0.0,0.0,2,0,0.0%,0.0,0.0,0,0.0,0.0,0.0,0,0.0,0.00,0.0,0,0.00,0.0,0,0,0.0,0,0,0.0,0,0.0,0.0,0.0,0,0.0,0.0,0.0,0,0.0,0.0,0.0,0,0,0.0,0.0%,0.0%,0.0%,0.0%,0,0.0,0.0
2026-06-01,7日虾仁笔记_复制,195192732,0.11,12,8.33%,0.0%,1,0.0,0.11,9.17,0.11,12,1,8.33%,0.11,9.17,0,0.0,0.0,0.0,0,0.0,0.00,0.0,0,0.00,0.0,0,0,0.0,0,0,0.0,0,0.0,0.0,0.0,0,0.0,0.0,0.0,0,0.0,0.0,0.0,1,1,0.11,8.33%,100.0%,100.0%,0.0%,0,0.0,0.0
2026-06-01,521虾仁测试,196982127,0.11,2,50.0%,0.0%,1,0.0,0.11,55.0,0.11,2,1,50.0%,0.11,55.0,0,0.0,0.0,0.0,0,0.0,0.00,0.0,0,0.00,0.0,0,0,0.0,0,0,0.0,0,0.0,0.0,0.0,0,0.0,0.0,0.0,0,0.0,0.0,0.0,1,1,0.11,50.0%,100.0%,100.0%,0.0%,0,0.0,0.0
2026-06-01,521虾仁测试_复制,196982135,0.16,1,100.0%,0.0%,1,0.0,0.16,160.0,0.16,1,1,100.0%,0.16,160.0,0,0.0,0.0,0.0,0,0.0,0.00,0.0,0,0.00,0.0,0,0,0.0,0,0,0.0,0,0.0,0.0,0.0,0,0.0,0.0,0.0,0,0.0,0.0,0.0,0,0,0.0,0.0%,0.0%,0.0%,0.0%,0,0.0,0.0
2026-06-01,521三文鱼搜索,196988252,0.00,3,0.0%,0.0%,0,0.0,0.0,0.0,0.0,3,0,0.0%,0.0,0.0,0,0.0,0.0,0.0,0,0.0,0.00,0.0,0,0.00,0.0,0,0,0.0,0,0,0.0,0,0.0,0.0,0.0,0,0.0,0.0,0.0,0,0.0,0.0,0.0,1,0,0.0,33.33%,0.0%,0.0%,0.0%,0,0.0,0.0
2026-06-01,减脂餐词汇搜索_复制,198319589,0.58,6,16.67%,0.0%,1,0.0,0.58,96.67,0.58,6,1,16.67%,0.58,96.67,0,0.0,0.0,0.0,0,0.0,0.00,0.0,0,0.00,0.0,0,0,0.0,0,0,0.0,0,0.0,0.0,0.0,0,0.0,0.0,0.0,0,0.0,0.0,0.0,1,0,0.0,16.67%,0.0%,0.0%,0.0%,0,0.0,0.0
2026-06-01,三文鱼搜索关键词_20260526_170915,198328826,0.08,6,16.67%,0.0%,1,0.0,0.08,13.33,0.08,6,1,16.67%,0.08,13.33,0,0.0,0.0,0.0,0,0.0,0.00,0.0,0,0.00,0.0,0,0,0.0,0,0,0.0,0,0.0,0.0,0.0,0,0.0,0.0,0.0,0,0.0,0.0,0.0,2,0,0.0,33.33%,0.0%,0.0%,0.0%,0,0.0,0.0
2026-06-01,三文鱼搜索新计划,198891243,0.00,1,0.0%,0.0%,0,0.0,0.0,0.0,0.0,1,0,0.0%,0.0,0.0,0,0.0,0.0,0.0,0,0.0,0.00,0.0,0,0.00,0.0,0,0,0.0,0,0,0.0,0,0.0,0.0,0.0,0,0.0,0.0,0.0,0,0.0,0.0,0.0,0,0,0.0,0.0%,0.0%,0.0%,0.0%,0,0.0,0.0
2026-06-01,虾仁高购买意图测试,198948610,0.00,1,0.0%,0.0%,0,0.0,0.0,0.0,0.0,1,0,0.0%,0.0,0.0,0,0.0,0.0,0.0,0,0.0,0.00,0.0,0,0.00,0.0,0,0,0.0,0,0,0.0,0,0.0,0.0,0.0,0,0.0,0.0,0.0,0,0.0,0.0,0.0,0,0,0.0,0.0%,0.0%,0.0%,0.0%,0,0.0,0.0
2026-06-01,虾仁高购买意图测试_复制roi计划,198959467,11.42,547,11.88%,0.0%,65,69.0,0.18,20.88,11.42,546,65,11.9%,0.18,20.92,0,0.0,0.0,0.0,0,0.0,0.00,0.0,0,0.00,0.0,0,0,0.0,0,0,0.0,1,11.42,69.0,6.04,1,11.42,69.0,6.04,1,11.42,69.0,6.04,67,13,3.73,12.25%,20.0%,32.69%,1.54%,1,69.0,6.04
2026-06-01,三文鱼购买意图测试,198960741,1.83,18,38.89%,0.0%,7,0.0,0.26,101.67,1.83,18,7,38.89%,0.26,101.67,0,0.0,0.0,0.0,0,0.0,0.00,0.0,0,0.00,0.0,0,0,0.0,0,0,0.0,0,0.0,0.0,0.0,0,0.0,0.0,0.0,0,0.0,0.0,0.0,7,5,0.91,38.89%,71.43%,49.73%,0.0%,0,0.0,0.0
2026-06-01,三文鱼做法意图测试,198981408,0.00,7,0.0%,0.0%,0,0.0,0.0,0.0,0.0,7,0,0.0%,0.0,0.0,0,0.0,0.0,0.0,0,0.0,0.00,0.0,0,0.00,0.0,0,0,0.0,0,0,0.0,0,0.0,0.0,0.0,0,0.0,0.0,0.0,0,0.0,0.0,0.0,0,0,0.0,0.0%,0.0%,0.0%,0.0%,0,0.0,0.0
2026-06-01,山姆盒马三文鱼截流,198986280,0.28,11,18.18%,0.0%,2,0.0,0.14,25.45,0.28,11,2,18.18%,0.14,25.45,0,0.0,0.0,0.0,0,0.0,0.00,0.0,0,0.00,0.0,0,0,0.0,0,0,0.0,0,0.0,0.0,0.0,0,0.0,0.0,0.0,0,0.0,0.0,0.0,2,0,0.0,18.18%,0.0%,0.0%,0.0%,0,0.0,0.0
2026-06-01,三文鱼购买意图测试_复制,199033726,72.08,2259,10.05%,0.0%,227,0.0,0.32,31.91,69.1,2242,224,9.99%,0.31,30.82,0,0.0,0.0,0.0,0,0.0,0.00,0.0,0,0.00,0.0,0,0,0.0,0,0,0.0,0,0.0,0.0,0.0,0,0.0,0.0,0.0,0,0.0,0.0,0.0,503,73,20.47,22.27%,32.16%,28.4%,0.0%,0,0.0,0.0
2026-06-02,三文鱼搜索关键词,184817496,0.20,5,20.0%,0.0%,1,0.0,0.2,40.0,0.2,5,1,20.0%,0.2,40.0,0,0.0,0.0,0.0,0,0.0,0.00,0.0,0,0.00,0.0,0,0,0.0,0,0,0.0,0,0.0,0.0,0.0,0,0.0,0.0,0.0,0,0.0,0.0,0.0,0,0,0.0,0.0%,0.0%,0.0%,0.0%,0,0.0,0.0
2026-06-02,虾仁搜索,185525682,0.14,8,12.5%,0.0%,1,0.0,0.14,17.5,0.14,8,1,12.5%,0.14,17.5,0,0.0,0.0,0.0,0,0.0,0.00,0.0,0,0.00,0.0,0,0,0.0,0,0,0.0,0,0.0,0.0,0.0,0,0.0,0.0,0.0,0,0.0,0.0,0.0,1,0,0.0,12.5%,0.0%,0.0%,0.0%,0,0.0,0.0
2026-06-02,三文鱼搜索关键词_复制,186136724,0.00,3,0.0%,0.0%,0,0.0,0.0,0.0,0.0,3,0,0.0%,0.0,0.0,0,0.0,0.0,0.0,0,0.0,0.00,0.0,0,0.00,0.0,0,0,0.0,0,0,0.0,0,0.0,0.0,0.0,0,0.0,0.0,0.0,0,0.0,0.0,0.0,0,0,0.0,0.0%,0.0%,0.0%,0.0%,0,0.0,0.0
2026-06-02,三文鱼爆款购买潜在需求,186737237,3.01,135,14.81%,0.0%,20,0.0,0.15,22.3,3.01,133,20,15.04%,0.15,22.63,0,0.0,0.0,0.0,0,0.0,0.00,0.0,0,0.00,0.0,0,0,0.0,0,0,0.0,0,0.0,0.0,0.0,0,0.0,0.0,0.0,0,0.0,0.0,0.0,36,7,0.5,26.67%,35.0%,16.45%,0.0%,0,0.0,0.0
2026-06-02,三文鱼,194400456,0.00,1,0.0%,0.0%,0,0.0,0.0,0.0,0.0,1,0,0.0%,0.0,0.0,0,0.0,0.0,0.0,0,0.0,0.00,0.0,0,0.00,0.0,0,0,0.0,0,0,0.0,0,0.0,0.0,0.0,0,0.0,0.0,0.0,0,0.0,0.0,0.0,0,0,0.0,0.0%,0.0%,0.0%,0.0%,0,0.0,0.0
2026-06-02,7日虾仁笔记_复制,195192732,0.00,10,0.0%,0.0%,0,0.0,0.0,0.0,0.0,10,0,0.0%,0.0,0.0,0,0.0,0.0,0.0,0,0.0,0.00,0.0,0,0.00,0.0,0,0,0.0,0,0,0.0,0,0.0,0.0,0.0,0,0.0,0.0,0.0,0,0.0,0.0,0.0,3,0,0.0,30.0%,0.0%,0.0%,0.0%,0,0.0,0.0
2026-06-02,521虾仁测试,196982127,0.01,7,14.29%,0.0%,1,0.0,0.01,1.43,0.01,7,1,14.29%,0.01,1.43,0,0.0,0.0,0.0,0,0.0,0.00,0.0,0,0.00,0.0,0,0,0.0,0,0,0.0,0,0.0,0.0,0.0,0,0.0,0.0,0.0,0,0.0,0.0,0.0,2,0,0.0,28.57%,0.0%,0.0%,0.0%,0,0.0,0.0
2026-06-02,521虾仁测试_复制,196982135,0.00,1,0.0%,0.0%,0,0.0,0.0,0.0,0.0,1,0,0.0%,0.0,0.0,0,0.0,0.0,0.0,0,0.0,0.00,0.0,0,0.00,0.0,0,0,0.0,0,0,0.0,0,0.0,0.0,0.0,0,0.0,0.0,0.0,0,0.0,0.0,0.0,1,0,0.0,100.0%,0.0%,0.0%,0.0%,0,0.0,0.0
2026-06-02,521三文鱼搜索,196988252,0.00,4,0.0%,0.0%,0,0.0,0.0,0.0,0.0,4,0,0.0%,0.0,0.0,0,0.0,0.0,0.0,0,0.0,0.00,0.0,0,0.00,0.0,0,0,0.0,0,0,0.0,0,0.0,0.0,0.0,0,0.0,0.0,0.0,0,0.0,0.0,0.0,0,0,0.0,0.0%,0.0%,0.0%,0.0%,0,0.0,0.0
2026-06-02,减脂餐词汇搜索_复制,198319589,0.58,9,22.22%,0.0%,2,0.0,0.29,64.44,0.58,9,2,22.22%,0.29,64.44,0,0.0,0.0,0.0,0,0.0,0.00,0.0,0,0.00,0.0,0,0,0.0,0,0,0.0,0,0.0,0.0,0.0,0,0.0,0.0,0.0,0,0.0,0.0,0.0,2,2,0.58,22.22%,100.0%,100.0%,0.0%,0,0.0,0.0
2026-06-02,三文鱼搜索关键词_20260526_170915,198328826,0.00,4,0.0%,0.0%,0,0.0,0.0,0.0,0.0,4,0,0.0%,0.0,0.0,0,0.0,0.0,0.0,0,0.0,0.00,0.0,0,0.00,0.0,0,0,0.0,0,0,0.0,0,0.0,0.0,0.0,0,0.0,0.0,0.0,0,0.0,0.0,0.0,3,0,0.0,75.0%,0.0%,0.0%,0.0%,0,0.0,0.0
2026-06-02,三文鱼搜索新计划,198891243,0.34,3,66.67%,0.0%,2,0.0,0.17,113.33,0.34,3,2,66.67%,0.17,113.33,0,0.0,0.0,0.0,0,0.0,0.00,0.0,0,0.00,0.0,0,0,0.0,0,0,0.0,0,0.0,0.0,0.0,0,0.0,0.0,0.0,0,0.0,0.0,0.0,1,1,0.28,33.33%,50.0%,83.39%,0.0%,0,0.0,0.0
2026-06-02,虾仁高购买意图测试,198948610,0.00,3,0.0%,0.0%,0,0.0,0.0,0.0,0.0,3,0,0.0%,0.0,0.0,0,0.0,0.0,0.0,0,0.0,0.00,0.0,0,0.00,0.0,0,0,0.0,0,0,0.0,0,0.0,0.0,0.0,0,0.0,0.0,0.0,0,0.0,0.0,0.0,1,0,0.0,33.33%,0.0%,0.0%,0.0%,0,0.0,0.0
2026-06-02,虾仁笔记推词测试,198949210,0.00,1,0.0%,0.0%,0,0.0,0.0,0.0,0.0,1,0,0.0%,0.0,0.0,0,0.0,0.0,0.0,0,0.0,0.00,0.0,0,0.00,0.0,0,0,0.0,0,0,0.0,0,0.0,0.0,0.0,0,0.0,0.0,0.0,0,0.0,0.0,0.0,0,0,0.0,0.0%,0.0%,0.0%,0.0%,0,0.0,0.0
2026-06-02,虾仁高购买意图测试_复制roi计划,198959467,21.68,483,14.91%,0.0%,72,69.0,0.3,44.89,21.68,483,72,14.91%,0.3,44.89,0,0.0,0.0,0.0,0,0.0,0.00,0.0,0,0.00,0.0,0,0,0.0,0,0,0.0,1,21.68,69.0,3.18,1,21.68,69.0,3.18,1,21.68,69.0,3.18,68,21,8.39,14.08%,29.17%,38.69%,1.39%,1,69.0,3.18
2026-06-02,三文鱼购买意图测试,198960741,1.62,40,15.0%,0.0%,6,0.0,0.27,40.5,1.62,40,6,15.0%,0.27,40.5,0,0.0,0.0,0.0,0,0.0,0.00,0.0,0,0.00,0.0,0,0,0.0,0,0,0.0,0,0.0,0.0,0.0,0,0.0,0.0,0.0,0,0.0,0.0,0.0,11,6,1.62,27.5%,100.0%,100.0%,0.0%,0,0.0,0.0
2026-06-02,三文鱼做法意图测试,198981408,0.00,9,0.0%,0.0%,0,0.0,0.0,0.0,0.0,9,0,0.0%,0.0,0.0,0,0.0,0.0,0.0,0,0.0,0.00,0.0,0,0.00,0.0,0,0,0.0,0,0,0.0,0,0.0,0.0,0.0,0,0.0,0.0,0.0,0,0.0,0.0,0.0,1,0,0.0,11.11%,0.0%,0.0%,0.0%,0,0.0,0.0
2026-06-02,山姆盒马三文鱼截流,198986280,0.01,9,11.11%,0.0%,1,0.0,0.01,1.11,0.01,9,1,11.11%,0.01,1.11,0,0.0,0.0,0.0,0,0.0,0.00,0.0,0,0.00,0.0,0,0,0.0,0,0,0.0,0,0.0,0.0,0.0,0,0.0,0.0,0.0,0,0.0,0.0,0.0,3,0,0.0,33.33%,0.0%,0.0%,0.0%,0,0.0,0.0
2026-06-02,三文鱼购买意图测试_复制,199033726,101.35,2826,9.41%,0.0%,266,506.0,0.38,35.86,101.14,2823,265,9.39%,0.38,35.83,0,0.0,0.0,0.0,0,0.0,0.00,0.0,0,0.00,0.0,0,0,0.0,0,0,0.0,2,50.68,506.0,4.99,2,50.68,506.0,4.99,2,50.68,506.0,4.99,641,90,29.77,22.68%,33.83%,29.37%,0.75%,2,506.0,5.0
2026-06-03,三文鱼搜索关键词,184817496,0.52,17,17.65%,0.0%,3,0.0,0.17,30.59,0.52,17,3,17.65%,0.17,30.59,0,0.0,0.0,0.0,0,0.0,0.00,0.0,0,0.00,0.0,0,0,0.0,0,0,0.0,0,0.0,0.0,0.0,0,0.0,0.0,0.0,0,0.0,0.0,0.0,4,1,0.05,23.53%,33.33%,9.62%,0.0%,0,0.0,0.0
2026-06-03,虾仁搜索,185525682,1.77,32,12.5%,0.0%,4,0.0,0.44,55.31,1.77,32,4,12.5%,0.44,55.31,0,0.0,0.0,0.0,0,0.0,0.00,0.0,0,0.00,0.0,0,0,0.0,0,0,0.0,0,0.0,0.0,0.0,0,0.0,0.0,0.0,0,0.0,0.0,0.0,5,1,0.25,15.63%,25.0%,14.12%,0.0%,0,0.0,0.0
2026-06-03,三文鱼搜索关键词_复制,186136724,0.27,4,25.0%,0.0%,1,0.0,0.27,67.5,0.27,4,1,25.0%,0.27,67.5,0,0.0,0.0,0.0,0,0.0,0.00,0.0,0,0.00,0.0,0,0,0.0,0,0,0.0,0,0.0,0.0,0.0,0,0.0,0.0,0.0,0,0.0,0.0,0.0,1,0,0.0,25.0%,0.0%,0.0%,0.0%,0,0.0,0.0
2026-06-03,三文鱼爆款购买潜在需求,186737237,11.97,283,15.19%,0.0%,43,0.0,0.28,42.3,11.97,282,43,15.25%,0.28,42.45,0,0.0,0.0,0.0,0,0.0,0.00,0.0,0,0.00,0.0,0,0,0.0,0,0,0.0,0,0.0,0.0,0.0,0,0.0,0.0,0.0,0,0.0,0.0,0.0,87,16,7.09,30.74%,37.21%,59.25%,0.0%,0,0.0,0.0
2026-06-03,三文鱼,194400456,0.00,2,0.0%,0.0%,0,0.0,0.0,0.0,0.0,2,0,0.0%,0.0,0.0,0,0.0,0.0,0.0,0,0.0,0.00,0.0,0,0.00,0.0,0,0,0.0,0,0,0.0,0,0.0,0.0,0.0,0,0.0,0.0,0.0,0,0.0,0.0,0.0,0,0,0.0,0.0%,0.0%,0.0%,0.0%,0,0.0,0.0
2026-06-03,7日虾仁笔记_复制,195192732,0.00,9,0.0%,0.0%,0,0.0,0.0,0.0,0.0,9,0,0.0%,0.0,0.0,0,0.0,0.0,0.0,0,0.0,0.00,0.0,0,0.00,0.0,0,0,0.0,0,0,0.0,0,0.0,0.0,0.0,0,0.0,0.0,0.0,0,0.0,0.0,0.0,4,0,0.0,44.44%,0.0%,0.0%,0.0%,0,0.0,0.0
2026-06-03,521虾仁测试,196982127,0.59,8,50.0%,0.0%,4,0.0,0.15,73.75,0.59,8,4,50.0%,0.15,73.75,0,0.0,0.0,0.0,0,0.0,0.00,0.0,0,0.00,0.0,0,0,0.0,0,0,0.0,0,0.0,0.0,0.0,0,0.0,0.0,0.0,0,0.0,0.0,0.0,0,0,0.0,0.0%,0.0%,0.0%,0.0%,0,0.0,0.0
2026-06-03,521虾仁测试_复制,196982135,0.00,1,0.0%,0.0%,0,0.0,0.0,0.0,0.0,1,0,0.0%,0.0,0.0,0,0.0,0.0,0.0,0,0.0,0.00,0.0,0,0.00,0.0,0,0,0.0,0,0,0.0,0,0.0,0.0,0.0,0,0.0,0.0,0.0,0,0.0,0.0,0.0,1,0,0.0,100.0%,0.0%,0.0%,0.0%,0,0.0,0.0
2026-06-03,521三文鱼搜索,196988252,0.00,8,0.0%,0.0%,0,0.0,0.0,0.0,0.0,8,0,0.0%,0.0,0.0,0,0.0,0.0,0.0,0,0.0,0.00,0.0,0,0.00,0.0,0,0,0.0,0,0,0.0,0,0.0,0.0,0.0,0,0.0,0.0,0.0,0,0.0,0.0,0.0,0,0,0.0,0.0%,0.0%,0.0%,0.0%,0,0.0,0.0
2026-06-03,减脂餐词汇搜索_复制,198319589,0.30,8,25.0%,0.0%,2,0.0,0.15,37.5,0.3,8,2,25.0%,0.15,37.5,0,0.0,0.0,0.0,0,0.0,0.00,0.0,0,0.00,0.0,0,0,0.0,0,0,0.0,0,0.0,0.0,0.0,0,0.0,0.0,0.0,0,0.0,0.0,0.0,2,0,0.0,25.0%,0.0%,0.0%,0.0%,0,0.0,0.0
2026-06-03,三文鱼搜索关键词_20260526_170915,198328826,0.40,15,6.67%,0.0%,1,0.0,0.4,26.67,0.4,15,1,6.67%,0.4,26.67,0,0.0,0.0,0.0,0,0.0,0.00,0.0,0,0.00,0.0,0,0,0.0,0,0,0.0,0,0.0,0.0,0.0,0,0.0,0.0,0.0,0,0.0,0.0,0.0,4,0,0.0,26.67%,0.0%,0.0%,0.0%,0,0.0,0.0
2026-06-03,三文鱼搜索新计划,198891243,0.00,2,0.0%,0.0%,0,0.0,0.0,0.0,0.0,2,0,0.0%,0.0,0.0,0,0.0,0.0,0.0,0,0.0,0.00,0.0,0,0.00,0.0,0,0,0.0,0,0,0.0,0,0.0,0.0,0.0,0,0.0,0.0,0.0,0,0.0,0.0,0.0,0,0,0.0,0.0%,0.0%,0.0%,0.0%,0,0.0,0.0
2026-06-03,虾仁高购买意图测试,198948610,0.00,8,0.0%,0.0%,0,0.0,0.0,0.0,0.0,8,0,0.0%,0.0,0.0,0,0.0,0.0,0.0,0,0.0,0.00,0.0,0,0.00,0.0,0,0,0.0,0,0,0.0,0,0.0,0.0,0.0,0,0.0,0.0,0.0,0,0.0,0.0,0.0,0,0,0.0,0.0%,0.0%,0.0%,0.0%,0,0.0,0.0
2026-06-03,虾仁笔记推词测试,198949210,0.00,12,0.0%,0.0%,0,0.0,0.0,0.0,0.0,11,0,0.0%,0.0,0.0,0,0.0,0.0,0.0,0,0.0,0.00,0.0,0,0.00,0.0,0,0,0.0,0,0,0.0,0,0.0,0.0,0.0,0,0.0,0.0,0.0,0,0.0,0.0,0.0,3,0,0.0,25.0%,0.0%,0.0%,0.0%,0,0.0,0.0
2026-06-03,虾仁高购买意图测试_复制roi计划,198959467,3.40,156,14.1%,0.0%,22,69.0,0.15,21.79,3.4,155,22,14.19%,0.15,21.94,0,0.0,0.0,0.0,0,0.0,0.00,0.0,0,0.00,0.0,0,0,0.0,0,0,0.0,1,3.4,69.0,20.29,1,3.4,69.0,20.29,1,3.4,69.0,20.29,25,7,1.77,16.03%,31.82%,52.01%,4.55%,1,69.0,20.29
2026-06-03,三文鱼购买意图测试,198960741,8.52,103,14.56%,0.0%,15,368.0,0.57,82.72,8.52,102,15,14.71%,0.57,83.53,0,0.0,0.0,0.0,0,0.0,0.00,0.0,0,0.00,0.0,0,0,0.0,0,0,0.0,1,8.52,368.0,43.19,1,8.52,368.0,43.19,1,8.52,368.0,43.19,33,7,2.3,32.04%,46.67%,27.0%,6.67%,1,368.0,43.19
2026-06-03,三文鱼做法意图测试,198981408,4.27,21,9.52%,0.0%,2,0.0,2.13,203.33,4.27,21,2,9.52%,2.13,203.33,0,0.0,0.0,0.0,0,0.0,0.00,0.0,0,0.00,0.0,0,0,0.0,0,0,0.0,0,0.0,0.0,0.0,0,0.0,0.0,0.0,0,0.0,0.0,0.0,4,0,0.0,19.05%,0.0%,0.0%,0.0%,0,0.0,0.0
2026-06-03,山姆盒马三文鱼截流,198986280,0.00,8,0.0%,0.0%,0,0.0,0.0,0.0,0.0,8,0,0.0%,0.0,0.0,0,0.0,0.0,0.0,0,0.0,0.00,0.0,0,0.00,0.0,0,0,0.0,0,0,0.0,0,0.0,0.0,0.0,0,0.0,0.0,0.0,0,0.0,0.0,0.0,2,0,0.0,25.0%,0.0%,0.0%,0.0%,0,0.0,0.0
2026-06-03,三文鱼购买意图测试_复制,199033726,19.21,692,11.13%,0.0%,77,0.0,0.25,27.76,19.21,691,77,11.14%,0.25,27.8,0,0.0,0.0,0.0,0,0.0,0.00,0.0,0,0.00,0.0,0,0,0.0,0,0,0.0,0,0.0,0.0,0.0,0,0.0,0.0,0.0,0,0.0,0.0,0.0,146,28,7.56,21.1%,36.36%,39.33%,0.0%,0,0.0,0.0
2026-06-04,三文鱼搜索关键词,184817496,2.56,25,24.0%,0.0%,6,0.0,0.43,102.4,2.56,25,6,24.0%,0.43,102.4,0,0.0,0.0,0.0,0,0.0,0.00,0.0,0,0.00,0.0,0,0,0.0,0,0,0.0,0,0.0,0.0,0.0,0,0.0,0.0,0.0,0,0.0,0.0,0.0,3,1,0.38,12.0%,16.67%,14.84%,0.0%,0,0.0,0.0
2026-06-04,虾仁搜索,185525682,4.29,44,25.0%,0.0%,11,0.0,0.39,97.5,4.29,43,11,25.58%,0.39,99.77,0,0.0,0.0,0.0,0,0.0,0.00,0.0,0,0.00,0.0,0,0,0.0,0,0,0.0,0,0.0,0.0,0.0,0,0.0,0.0,0.0,0,0.0,0.0,0.0,13,7,3.43,29.55%,63.64%,79.97%,0.0%,0,0.0,0.0
2026-06-04,三文鱼搜索关键词_复制,186136724,0.04,6,16.67%,0.0%,1,0.0,0.04,6.67,0.04,6,1,16.67%,0.04,6.67,0,0.0,0.0,0.0,0,0.0,0.00,0.0,0,0.00,0.0,0,0,0.0,0,0,0.0,0,0.0,0.0,0.0,0,0.0,0.0,0.0,0,0.0,0.0,0.0,1,0,0.0,16.67%,0.0%,0.0%,0.0%,0,0.0,0.0
2026-06-04,三文鱼爆款购买潜在需求,186737237,9.08,227,14.98%,0.0%,34,0.0,0.27,40.0,9.08,227,34,14.98%,0.27,40.0,0,0.0,0.0,0.0,0,0.0,0.00,0.0,0,0.00,0.0,0,0,0.0,0,0,0.0,0,0.0,0.0,0.0,0,0.0,0.0,0.0,0,0.0,0.0,0.0,59,16,4.57,25.99%,47.06%,50.33%,0.0%,0,0.0,0.0
2026-06-04,7日虾仁笔记_复制,195192732,0.11,14,7.14%,0.0%,1,69.0,0.11,7.86,0.11,14,1,7.14%,0.11,7.86,0,0.0,0.0,0.0,0,0.0,0.00,0.0,0,0.00,0.0,0,0,0.0,0,0,0.0,1,0.11,69.0,627.27,1,0.11,69.0,627.27,1,0.11,69.0,627.27,2,0,0.0,14.29%,0.0%,0.0%,100.0%,1,69.0,627.27
2026-06-04,521虾仁测试,196982127,0.26,12,16.67%,0.0%,2,0.0,0.13,21.67,0.26,12,2,16.67%,0.13,21.67,0,0.0,0.0,0.0,0,0.0,0.00,0.0,0,0.00,0.0,0,0,0.0,0,0,0.0,0,0.0,0.0,0.0,0,0.0,0.0,0.0,0,0.0,0.0,0.0,1,0,0.0,8.33%,0.0%,0.0%,0.0%,0,0.0,0.0
2026-06-04,521虾仁测试_复制,196982135,0.00,4,0.0%,0.0%,0,0.0,0.0,0.0,0.0,4,0,0.0%,0.0,0.0,0,0.0,0.0,0.0,0,0.0,0.00,0.0,0,0.00,0.0,0,0,0.0,0,0,0.0,0,0.0,0.0,0.0,0,0.0,0.0,0.0,0,0.0,0.0,0.0,0,0,0.0,0.0%,0.0%,0.0%,0.0%,0,0.0,0.0
2026-06-04,521三文鱼搜索,196988252,0.00,5,0.0%,0.0%,0,0.0,0.0,0.0,0.0,5,0,0.0%,0.0,0.0,0,0.0,0.0,0.0,0,0.0,0.00,0.0,0,0.00,0.0,0,0,0.0,0,0,0.0,0,0.0,0.0,0.0,0,0.0,0.0,0.0,0,0.0,0.0,0.0,3,0,0.0,60.0%,0.0%,0.0%,0.0%,0,0.0,0.0
2026-06-04,减脂餐词汇搜索_复制,198319589,0.00,13,0.0%,0.0%,0,0.0,0.0,0.0,0.0,13,0,0.0%,0.0,0.0,0,0.0,0.0,0.0,0,0.0,0.00,0.0,0,0.00,0.0,0,0,0.0,0,0,0.0,0,0.0,0.0,0.0,0,0.0,0.0,0.0,0,0.0,0.0,0.0,1,0,0.0,7.69%,0.0%,0.0%,0.0%,0,0.0,0.0
2026-06-04,三文鱼搜索关键词_20260526_170915,198328826,0.07,12,8.33%,0.0%,1,0.0,0.07,5.83,0.07,12,1,8.33%,0.07,5.83,0,0.0,0.0,0.0,0,0.0,0.00,0.0,0,0.00,0.0,0,0,0.0,0,0,0.0,0,0.0,0.0,0.0,0,0.0,0.0,0.0,0,0.0,0.0,0.0,1,0,0.0,8.33%,0.0%,0.0%,0.0%,0,0.0,0.0
2026-06-04,三文鱼搜索新计划,198891243,0.00,3,0.0%,0.0%,0,0.0,0.0,0.0,0.0,3,0,0.0%,0.0,0.0,0,0.0,0.0,0.0,0,0.0,0.00,0.0,0,0.00,0.0,0,0,0.0,0,0,0.0,0,0.0,0.0,0.0,0,0.0,0.0,0.0,0,0.0,0.0,0.0,3,0,0.0,100.0%,0.0%,0.0%,0.0%,0,0.0,0.0
2026-06-04,虾仁高购买意图测试,198948610,0.52,28,10.71%,0.0%,3,0.0,0.17,18.57,0.52,27,3,11.11%,0.17,19.26,0,0.0,0.0,0.0,0,0.0,0.00,0.0,0,0.00,0.0,0,0,0.0,0,0,0.0,0,0.0,0.0,0.0,0,0.0,0.0,0.0,0,0.0,0.0,0.0,6,0,0.0,21.43%,0.0%,0.0%,0.0%,0,0.0,0.0
2026-06-04,虾仁笔记推词测试,198949210,1.43,36,8.33%,0.0%,3,0.0,0.48,39.72,1.43,35,3,8.57%,0.48,40.86,0,0.0,0.0,0.0,0,0.0,0.00,0.0,0,0.00,0.0,0,0,0.0,0,0,0.0,0,0.0,0.0,0.0,0,0.0,0.0,0.0,0,0.0,0.0,0.0,8,1,0.34,22.22%,33.33%,23.78%,0.0%,0,0.0,0.0
2026-06-04,三文鱼购买意图测试,198960741,14.23,163,15.95%,0.0%,26,368.0,0.55,87.3,14.23,163,26,15.95%,0.55,87.3,0,0.0,0.0,0.0,0,0.0,0.00,0.0,0,0.00,0.0,0,0,0.0,0,0,0.0,1,14.23,368.0,25.86,1,14.23,368.0,25.86,1,14.23,368.0,25.86,54,13,7.49,33.13%,50.0%,52.64%,3.85%,1,368.0,25.86
2026-06-04,三文鱼做法意图测试,198981408,0.41,8,25.0%,0.0%,2,0.0,0.21,51.25,0.41,8,2,25.0%,0.21,51.25,0,0.0,0.0,0.0,0,0.0,0.00,0.0,0,0.00,0.0,0,0,0.0,0,0,0.0,0,0.0,0.0,0.0,0,0.0,0.0,0.0,0,0.0,0.0,0.0,3,2,0.41,37.5%,100.0%,100.0%,0.0%,0,0.0,0.0
2026-06-04,山姆盒马三文鱼截流,198986280,0.01,13,7.69%,0.0%,1,0.0,0.01,0.77,0.01,13,1,7.69%,0.01,0.77,0,0.0,0.0,0.0,0,0.0,0.00,0.0,0,0.00,0.0,0,0,0.0,0,0,0.0,0,0.0,0.0,0.0,0,0.0,0.0,0.0,0,0.0,0.0,0.0,2,0,0.0,15.38%,0.0%,0.0%,0.0%,0,0.0,0.0
2026-06-05,三文鱼搜索关键词,184817496,0.01,16,6.25%,0.0%,1,0.0,0.01,0.63,0.01,16,1,6.25%,0.01,0.63,0,0.0,0.0,0.0,0,0.0,0.00,0.0,0,0.00,0.0,0,0,0.0,0,0,0.0,0,0.0,0.0,0.0,0,0.0,0.0,0.0,0,0.0,0.0,0.0,2,0,0.0,12.5%,0.0%,0.0%,0.0%,0,0.0,0.0
2026-06-05,虾仁搜索,185525682,0.58,38,10.53%,0.0%,4,0.0,0.14,15.26,0.58,38,4,10.53%,0.14,15.26,0,0.0,0.0,0.0,0,0.0,0.00,0.0,0,0.00,0.0,0,0,0.0,0,0,0.0,0,0.0,0.0,0.0,0,0.0,0.0,0.0,0,0.0,0.0,0.0,7,2,0.27,18.42%,50.0%,46.55%,0.0%,0,0.0,0.0
2026-06-05,三文鱼搜索关键词_复制,186136724,0.61,10,10.0%,0.0%,1,0.0,0.61,61.0,0.61,10,1,10.0%,0.61,61.0,0,0.0,0.0,0.0,0,0.0,0.00,0.0,0,0.00,0.0,0,0,0.0,0,0,0.0,0,0.0,0.0,0.0,0,0.0,0.0,0.0,0,0.0,0.0,0.0,4,0,0.0,40.0%,0.0%,0.0%,0.0%,0,0.0,0.0
2026-06-05,三文鱼爆款购买潜在需求,186737237,13.84,221,18.1%,0.0%,40,118.0,0.35,62.62,13.84,221,40,18.1%,0.35,62.62,0,0.0,0.0,0.0,0,0.0,0.00,0.0,0,0.00,0.0,0,0,0.0,0,0,0.0,1,13.84,118.0,8.53,1,13.84,118.0,8.53,1,13.84,118.0,8.53,70,16,5.79,31.67%,40.0%,41.85%,2.5%,1,118.0,8.53
2026-06-05,7日虾仁笔记_复制,195192732,1.11,20,25.0%,0.0%,5,0.0,0.22,55.5,0.93,19,4,21.05%,0.23,48.95,0,0.0,0.0,0.0,0,0.0,0.00,0.0,0,0.00,0.0,0,0,0.0,0,0,0.0,0,0.0,0.0,0.0,0,0.0,0.0,0.0,0,0.0,0.0,0.0,8,1,0.24,40.0%,20.0%,21.62%,0.0%,0,0.0,0.0
2026-06-05,521虾仁测试,196982127,0.05,10,10.0%,0.0%,1,0.0,0.05,5.0,0.05,10,1,10.0%,0.05,5.0,0,0.0,0.0,0.0,0,0.0,0.00,0.0,0,0.00,0.0,0,0,0.0,0,0,0.0,0,0.0,0.0,0.0,0,0.0,0.0,0.0,0,0.0,0.0,0.0,2,0,0.0,20.0%,0.0%,0.0%,0.0%,0,0.0,0.0
2026-06-05,521虾仁测试_复制,196982135,0.00,2,0.0%,0.0%,0,0.0,0.0,0.0,0.0,2,0,0.0%,0.0,0.0,0,0.0,0.0,0.0,0,0.0,0.00,0.0,0,0.00,0.0,0,0,0.0,0,0,0.0,0,0.0,0.0,0.0,0,0.0,0.0,0.0,0,0.0,0.0,0.0,0,0,0.0,0.0%,0.0%,0.0%,0.0%,0,0.0,0.0
2026-06-05,521三文鱼搜索,196988252,0.00,7,0.0%,0.0%,0,0.0,0.0,0.0,0.0,7,0,0.0%,0.0,0.0,0,0.0,0.0,0.0,0,0.0,0.00,0.0,0,0.00,0.0,0,0,0.0,0,0,0.0,0,0.0,0.0,0.0,0,0.0,0.0,0.0,0,0.0,0.0,0.0,2,0,0.0,28.57%,0.0%,0.0%,0.0%,0,0.0,0.0
2026-06-05,减脂餐词汇搜索_复制,198319589,0.15,10,20.0%,0.0%,2,0.0,0.08,15.0,0.15,10,2,20.0%,0.08,15.0,0,0.0,0.0,0.0,0,0.0,0.00,0.0,0,0.00,0.0,0,0,0.0,0,0,0.0,0,0.0,0.0,0.0,0,0.0,0.0,0.0,0,0.0,0.0,0.0,0,0,0.0,0.0%,0.0%,0.0%,0.0%,0,0.0,0.0
2026-06-05,三文鱼搜索关键词_20260526_170915,198328826,1.12,23,21.74%,0.0%,5,0.0,0.22,48.7,1.12,23,5,21.74%,0.22,48.7,0,0.0,0.0,0.0,0,0.0,0.00,0.0,0,0.00,0.0,0,0,0.0,0,0,0.0,0,0.0,0.0,0.0,0,0.0,0.0,0.0,0,0.0,0.0,0.0,7,3,1.01,30.43%,60.0%,90.18%,0.0%,0,0.0,0.0
2026-06-05,三文鱼搜索新计划,198891243,0.00,2,0.0%,0.0%,0,0.0,0.0,0.0,0.0,2,0,0.0%,0.0,0.0,0,0.0,0.0,0.0,0,0.0,0.00,0.0,0,0.00,0.0,0,0,0.0,0,0,0.0,0,0.0,0.0,0.0,0,0.0,0.0,0.0,0,0.0,0.0,0.0,1,0,0.0,50.0%,0.0%,0.0%,0.0%,0,0.0,0.0
2026-06-05,虾仁高购买意图测试,198948610,1.77,23,13.04%,0.0%,3,0.0,0.59,76.96,1.77,23,3,13.04%,0.59,76.96,0,0.0,0.0,0.0,0,0.0,0.00,0.0,0,0.00,0.0,0,0,0.0,0,0,0.0,0,0.0,0.0,0.0,0,0.0,0.0,0.0,0,0.0,0.0,0.0,4,0,0.0,17.39%,0.0%,0.0%,0.0%,0,0.0,0.0
2026-06-05,虾仁笔记推词测试,198949210,1.77,55,20.0%,0.0%,11,0.0,0.16,32.18,1.77,55,11,20.0%,0.16,32.18,0,0.0,0.0,0.0,0,0.0,0.00,0.0,0,0.00,0.0,0,0,0.0,0,0,0.0,0,0.0,0.0,0.0,0,0.0,0.0,0.0,0,0.0,0.0,0.0,15,4,0.63,27.27%,36.36%,35.51%,0.0%,0,0.0,0.0
2026-06-05,三文鱼购买意图测试,198960741,9.71,201,7.96%,0.0%,16,128.0,0.61,48.31,9.71,201,16,7.96%,0.61,48.31,0,0.0,0.0,0.0,0,0.0,0.00,0.0,0,0.00,0.0,0,0,0.0,0,0,0.0,1,9.71,128.0,13.18,1,9.71,128.0,13.18,1,9.71,128.0,13.18,57,12,9.04,28.36%,75.0%,93.06%,6.25%,1,128.0,13.18
2026-06-05,三文鱼做法意图测试,198981408,0.00,19,0.0%,0.0%,0,0.0,0.0,0.0,0.0,19,0,0.0%,0.0,0.0,0,0.0,0.0,0.0,0,0.0,0.00,0.0,0,0.00,0.0,0,0,0.0,0,0,0.0,0,0.0,0.0,0.0,0,0.0,0.0,0.0,0,0.0,0.0,0.0,3,0,0.0,15.79%,0.0%,0.0%,0.0%,0,0.0,0.0
2026-06-05,山姆盒马三文鱼截流,198986280,0.00,13,0.0%,0.0%,0,0.0,0.0,0.0,0.0,13,0,0.0%,0.0,0.0,0,0.0,0.0,0.0,0,0.0,0.00,0.0,0,0.00,0.0,0,0,0.0,0,0,0.0,0,0.0,0.0,0.0,0,0.0,0.0,0.0,0,0.0,0.0,0.0,3,0,0.0,23.08%,0.0%,0.0%,0.0%,0,0.0,0.0
2026-06-05,6月高点击笔记测试_复制,201276745,0.00,1,0.0%,0.0%,0,0.0,0.0,0.0,0.0,1,0,0.0%,0.0,0.0,0,0.0,0.0,0.0,0,0.0,0.00,0.0,0,0.00,0.0,0,0,0.0,0,0,0.0,0,0.0,0.0,0.0,0,0.0,0.0,0.0,0,0.0,0.0,0.0,0,0,0.0,0.0%,0.0%,0.0%,0.0%,0,0.0,0.0
2026-06-06,三文鱼搜索关键词,184817496,0.20,17,17.65%,0.0%,3,0.0,0.07,11.76,0.2,17,3,17.65%,0.07,11.76,0,0.0,0.0,0.0,0,0.0,0.00,0.0,0,0.00,0.0,0,0,0.0,0,0,0.0,0,0.0,0.0,0.0,0,0.0,0.0,0.0,0,0.0,0.0,0.0,3,1,0.1,17.65%,33.33%,48.72%,0.0%,0,0.0,0.0
2026-06-06,虾仁搜索,185525682,0.84,25,12.0%,0.0%,3,0.0,0.28,33.6,0.84,25,3,12.0%,0.28,33.6,0,0.0,0.0,0.0,0,0.0,0.00,0.0,0,0.00,0.0,0,0,0.0,0,0,0.0,0,0.0,0.0,0.0,0,0.0,0.0,0.0,0,0.0,0.0,0.0,5,0,0.0,20.0%,0.0%,0.0%,0.0%,0,0.0,0.0
2026-06-06,三文鱼搜索关键词_复制,186136724,0.75,8,25.0%,0.0%,2,0.0,0.38,93.75,0.75,8,2,25.0%,0.38,93.75,0,0.0,0.0,0.0,0,0.0,0.00,0.0,0,0.00,0.0,0,0,0.0,0,0,0.0,0,0.0,0.0,0.0,0,0.0,0.0,0.0,0,0.0,0.0,0.0,4,1,0.39,50.0%,50.0%,52.0%,0.0%,0,0.0,0.0
2026-06-06,三文鱼爆款购买潜在需求,186737237,5.41,238,11.76%,0.0%,28,338.0,0.19,22.73,5.41,238,28,11.76%,0.19,22.73,0,0.0,0.0,0.0,0,0.0,0.00,0.0,0,0.00,0.0,0,0,0.0,0,0,0.0,0,0.0,0.0,0.0,1,5.41,338.0,62.48,1,5.41,338.0,62.48,62,7,3.37,26.05%,25.0%,62.2%,3.57%,1,338.0,62.48
2026-06-06,三文鱼,194400456,0.00,2,0.0%,0.0%,0,0.0,0.0,0.0,0.0,2,0,0.0%,0.0,0.0,0,0.0,0.0,0.0,0,0.0,0.00,0.0,0,0.00,0.0,0,0,0.0,0,0,0.0,0,0.0,0.0,0.0,0,0.0,0.0,0.0,0,0.0,0.0,0.0,0,0,0.0,0.0%,0.0%,0.0%,0.0%,0,0.0,0.0
2026-06-06,7日虾仁笔记_复制,195192732,2.12,28,21.43%,0.0%,6,0.0,0.35,75.71,2.12,27,6,22.22%,0.35,78.52,0,0.0,0.0,0.0,0,0.0,0.00,0.0,0,0.00,0.0,0,0,0.0,0,0,0.0,0,0.0,0.0,0.0,0,0.0,0.0,0.0,0,0.0,0.0,0.0,4,0,0.0,14.29%,0.0%,0.0%,0.0%,0,0.0,0.0
2026-06-06,521虾仁测试,196982127,0.00,3,0.0%,0.0%,0,0.0,0.0,0.0,0.0,3,0,0.0%,0.0,0.0,0,0.0,0.0,0.0,0,0.0,0.00,0.0,0,0.00,0.0,0,0,0.0,0,0,0.0,0,0.0,0.0,0.0,0,0.0,0.0,0.0,0,0.0,0.0,0.0,0,0,0.0,0.0%,0.0%,0.0%,0.0%,0,0.0,0.0
2026-06-06,521虾仁测试_复制,196982135,0.00,3,0.0%,0.0%,0,0.0,0.0,0.0,0.0,3,0,0.0%,0.0,0.0,0,0.0,0.0,0.0,0,0.0,0.00,0.0,0,0.00,0.0,0,0,0.0,0,0,0.0,0,0.0,0.0,0.0,0,0.0,0.0,0.0,0,0.0,0.0,0.0,0,0,0.0,0.0%,0.0%,0.0%,0.0%,0,0.0,0.0
2026-06-06,521三文鱼搜索,196988252,0.00,3,0.0%,0.0%,0,0.0,0.0,0.0,0.0,3,0,0.0%,0.0,0.0,0,0.0,0.0,0.0,0,0.0,0.00,0.0,0,0.00,0.0,0,0,0.0,0,0,0.0,0,0.0,0.0,0.0,0,0.0,0.0,0.0,0,0.0,0.0,0.0,0,0,0.0,0.0%,0.0%,0.0%,0.0%,0,0.0,0.0
2026-06-06,减脂餐词汇搜索_复制,198319589,0.00,7,0.0%,0.0%,0,0.0,0.0,0.0,0.0,6,0,0.0%,0.0,0.0,0,0.0,0.0,0.0,0,0.0,0.00,0.0,0,0.00,0.0,0,0,0.0,0,0,0.0,0,0.0,0.0,0.0,0,0.0,0.0,0.0,0,0.0,0.0,0.0,0,0,0.0,0.0%,0.0%,0.0%,0.0%,0,0.0,0.0
2026-06-06,三文鱼搜索关键词_20260526_170915,198328826,2.24,46,30.43%,0.0%,14,0.0,0.16,48.7,2.24,46,14,30.43%,0.16,48.7,0,0.0,0.0,0.0,0,0.0,0.00,0.0,0,0.00,0.0,0,0,0.0,0,0,0.0,0,0.0,0.0,0.0,0,0.0,0.0,0.0,0,0.0,0.0,0.0,13,4,0.59,28.26%,28.57%,26.23%,0.0%,0,0.0,0.0
2026-06-06,三文鱼搜索新计划,198891243,0.48,19,15.79%,0.0%,3,0.0,0.16,25.26,0.48,19,3,15.79%,0.16,25.26,0,0.0,0.0,0.0,0,0.0,0.00,0.0,0,0.00,0.0,0,0,0.0,0,0,0.0,0,0.0,0.0,0.0,0,0.0,0.0,0.0,0,0.0,0.0,0.0,5,2,0.13,26.32%,66.67%,27.08%,0.0%,0,0.0,0.0
2026-06-06,虾仁高购买意图测试,198948610,0.00,28,0.0%,0.0%,0,0.0,0.0,0.0,0.0,28,0,0.0%,0.0,0.0,0,0.0,0.0,0.0,0,0.0,0.00,0.0,0,0.00,0.0,0,0,0.0,0,0,0.0,0,0.0,0.0,0.0,0,0.0,0.0,0.0,0,0.0,0.0,0.0,6,0,0.0,21.43%,0.0%,0.0%,0.0%,0,0.0,0.0
2026-06-06,虾仁笔记推词测试,198949210,0.99,26,23.08%,0.0%,6,0.0,0.17,38.08,0.99,26,6,23.08%,0.17,38.08,0,0.0,0.0,0.0,0,0.0,0.00,0.0,0,0.00,0.0,0,0,0.0,0,0,0.0,0,0.0,0.0,0.0,0,0.0,0.0,0.0,0,0.0,0.0,0.0,6,2,0.25,23.08%,33.33%,25.25%,0.0%,0,0.0,0.0
2026-06-06,三文鱼购买意图测试,198960741,6.85,188,8.51%,0.0%,16,368.0,0.43,36.44,6.85,187,16,8.56%,0.43,36.63,0,0.0,0.0,0.0,0,0.0,0.00,0.0,0,0.00,0.0,0,0,0.0,0,0,0.0,1,6.85,368.0,53.72,1,6.85,368.0,53.72,1,6.85,368.0,53.72,49,7,3.0,26.06%,43.75%,43.77%,6.25%,1,368.0,53.72
2026-06-06,三文鱼做法意图测试,198981408,1.72,68,11.76%,0.0%,8,0.0,0.22,25.29,1.72,68,8,11.76%,0.22,25.29,0,0.0,0.0,0.0,0,0.0,0.00,0.0,0,0.00,0.0,0,0,0.0,0,0,0.0,0,0.0,0.0,0.0,0,0.0,0.0,0.0,0,0.0,0.0,0.0,12,2,0.9,17.65%,25.0%,52.33%,0.0%,0,0.0,0.0
2026-06-06,山姆盒马三文鱼截流,198986280,0.11,31,6.45%,0.0%,2,0.0,0.06,3.55,0.11,31,2,6.45%,0.06,3.55,0,0.0,0.0,0.0,0,0.0,0.00,0.0,0,0.00,0.0,0,0,0.0,0,0,0.0,0,0.0,0.0,0.0,0,0.0,0.0,0.0,0,0.0,0.0,0.0,5,0,0.0,16.13%,0.0%,0.0%,0.0%,0,0.0,0.0
2026-06-06,6月高点击笔记测试_复制,201276745,0.14,2,50.0%,0.0%,1,0.0,0.14,70.0,0.14,2,1,50.0%,0.14,70.0,0,0.0,0.0,0.0,0,0.0,0.00,0.0,0,0.00,0.0,0,0,0.0,0,0,0.0,0,0.0,0.0,0.0,0,0.0,0.0,0.0,0,0.0,0.0,0.0,1,1,0.14,50.0%,100.0%,100.0%,0.0%,0,0.0,0.0
2026-06-06,虾仁收割计划,201634879,7.44,260,14.23%,0.0%,37,0.0,0.2,28.62,7.44,260,37,14.23%,0.2,28.62,0,0.0,0.0,0.0,0,0.0,0.00,0.0,0,0.00,0.0,0,0,0.0,0,0,0.0,0,0.0,0.0,0.0,0,0.0,0.0,0.0,0,0.0,0.0,0.0,36,10,1.14,14.23%,27.03%,15.37%,0.0%,0,0.0,0.0
2026-06-06,鲅鱼计划,201641214,0.28,8,25.0%,0.0%,2,0.0,0.14,35.0,0.28,8,2,25.0%,0.14,35.0,0,0.0,0.0,0.0,0,0.0,0.00,0.0,0,0.00,0.0,0,0,0.0,0,0,0.0,0,0.0,0.0,0.0,0,0.0,0.0,0.0,0,0.0,0.0,0.0,4,1,0.21,50.0%,50.0%,75.0%,0.0%,0,0.0,0.0
2026-06-07,三文鱼搜索关键词,184817496,0.10,11,18.18%,0.0%,2,0.0,0.05,9.09,0.1,10,2,20.0%,0.05,10.0,0,0.0,0.0,0.0,0,0.0,0.00,0.0,0,0.00,0.0,0,0,0.0,0,0,0.0,0,0.0,0.0,0.0,0,0.0,0.0,0.0,0,0.0,0.0,0.0,1,0,0.0,9.09%,0.0%,0.0%,0.0%,0,0.0,0.0
2026-06-07,虾仁搜索,185525682,0.12,15,20.0%,0.0%,3,0.0,0.04,8.0,0.12,15,3,20.0%,0.04,8.0,0,0.0,0.0,0.0,0,0.0,0.00,0.0,0,0.00,0.0,0,0,0.0,0,0,0.0,0,0.0,0.0,0.0,0,0.0,0.0,0.0,0,0.0,0.0,0.0,2,0,0.0,13.33%,0.0%,0.0%,0.0%,0,0.0,0.0
2026-06-07,三文鱼搜索关键词_复制,186136724,0.07,11,9.09%,0.0%,1,0.0,0.07,6.36,0.07,11,1,9.09%,0.07,6.36,0,0.0,0.0,0.0,0,0.0,0.00,0.0,0,0.00,0.0,0,0,0.0,0,0,0.0,0,0.0,0.0,0.0,0,0.0,0.0,0.0,0,0.0,0.0,0.0,3,0,0.0,27.27%,0.0%,0.0%,0.0%,0,0.0,0.0
2026-06-07,三文鱼爆款购买潜在需求,186737237,10.14,215,17.21%,0.0%,37,0.0,0.27,47.16,10.14,214,37,17.29%,0.27,47.38,0,0.0,0.0,0.0,0,0.0,0.00,0.0,0,0.00,0.0,0,0,0.0,0,0,0.0,0,0.0,0.0,0.0,0,0.0,0.0,0.0,0,0.0,0.0,0.0,52,7,3.27,24.19%,18.92%,32.22%,0.0%,0,0.0,0.0
2026-06-07,7日虾仁笔记_复制,195192732,0.02,15,6.67%,0.0%,1,0.0,0.02,1.33,0.02,15,1,6.67%,0.02,1.33,0,0.0,0.0,0.0,0,0.0,0.00,0.0,0,0.00,0.0,0,0,0.0,0,0,0.0,0,0.0,0.0,0.0,0,0.0,0.0,0.0,0,0.0,0.0,0.0,2,0,0.0,13.33%,0.0%,0.0%,0.0%,0,0.0,0.0
2026-06-07,521虾仁测试,196982127,0.02,5,20.0%,0.0%,1,0.0,0.02,4.0,0.02,5,1,20.0%,0.02,4.0,0,0.0,0.0,0.0,0,0.0,0.00,0.0,0,0.00,0.0,0,0,0.0,0,0,0.0,0,0.0,0.0,0.0,0,0.0,0.0,0.0,0,0.0,0.0,0.0,1,1,0.02,20.0%,100.0%,100.0%,0.0%,0,0.0,0.0
2026-06-07,521虾仁测试_复制,196982135,0.00,1,0.0%,0.0%,0,0.0,0.0,0.0,0.0,1,0,0.0%,0.0,0.0,0,0.0,0.0,0.0,0,0.0,0.00,0.0,0,0.00,0.0,0,0,0.0,0,0,0.0,0,0.0,0.0,0.0,0,0.0,0.0,0.0,0,0.0,0.0,0.0,0,0,0.0,0.0%,0.0%,0.0%,0.0%,0,0.0,0.0
2026-06-07,521三文鱼搜索,196988252,0.00,12,0.0%,0.0%,0,0.0,0.0,0.0,0.0,12,0,0.0%,0.0,0.0,0,0.0,0.0,0.0,0,0.0,0.00,0.0,0,0.00,0.0,0,0,0.0,0,0,0.0,0,0.0,0.0,0.0,0,0.0,0.0,0.0,0,0.0,0.0,0.0,0,0,0.0,0.0%,0.0%,0.0%,0.0%,0,0.0,0.0
2026-06-07,减脂餐词汇搜索_复制,198319589,0.00,3,0.0%,0.0%,0,0.0,0.0,0.0,0.0,3,0,0.0%,0.0,0.0,0,0.0,0.0,0.0,0,0.0,0.00,0.0,0,0.00,0.0,0,0,0.0,0,0,0.0,0,0.0,0.0,0.0,0,0.0,0.0,0.0,0,0.0,0.0,0.0,0,0,0.0,0.0%,0.0%,0.0%,0.0%,0,0.0,0.0
2026-06-07,三文鱼搜索关键词_20260526_170915,198328826,1.16,67,14.93%,0.0%,10,0.0,0.12,17.31,1.16,67,10,14.93%,0.12,17.31,0,0.0,0.0,0.0,0,0.0,0.00,0.0,0,0.00,0.0,0,0,0.0,0,0,0.0,0,0.0,0.0,0.0,0,0.0,0.0,0.0,0,0.0,0.0,0.0,16,4,0.53,23.88%,40.0%,45.83%,0.0%,0,0.0,0.0
2026-06-07,三文鱼搜索新计划,198891243,0.20,15,6.67%,0.0%,1,0.0,0.2,13.33,0.2,15,1,6.67%,0.2,13.33,0,0.0,0.0,0.0,0,0.0,0.00,0.0,0,0.00,0.0,0,0,0.0,0,0,0.0,0,0.0,0.0,0.0,0,0.0,0.0,0.0,0,0.0,0.0,0.0,5,1,0.2,33.33%,100.0%,100.0%,0.0%,0,0.0,0.0
2026-06-07,虾仁高购买意图测试,198948610,0.10,15,6.67%,0.0%,1,0.0,0.1,6.67,0.1,15,1,6.67%,0.1,6.67,0,0.0,0.0,0.0,0,0.0,0.00,0.0,0,0.00,0.0,0,0,0.0,0,0,0.0,0,0.0,0.0,0.0,0,0.0,0.0,0.0,0,0.0,0.0,0.0,2,0,0.0,13.33%,0.0%,0.0%,0.0%,0,0.0,0.0
2026-06-07,虾仁笔记推词测试,198949210,1.01,15,20.0%,0.0%,3,0.0,0.34,67.33,1.01,15,3,20.0%,0.34,67.33,0,0.0,0.0,0.0,0,0.0,0.00,0.0,0,0.00,0.0,0,0,0.0,0,0,0.0,0,0.0,0.0,0.0,0,0.0,0.0,0.0,0,0.0,0.0,0.0,1,0,0.0,6.67%,0.0%,0.0%,0.0%,0,0.0,0.0
2026-06-07,三文鱼购买意图测试,198960741,3.61,106,14.15%,0.0%,15,0.0,0.24,34.06,3.61,105,15,14.29%,0.24,34.38,0,0.0,0.0,0.0,0,0.0,0.00,0.0,0,0.00,0.0,0,0,0.0,0,0,0.0,0,0.0,0.0,0.0,0,0.0,0.0,0.0,0,0.0,0.0,0.0,29,6,3.08,27.36%,40.0%,85.45%,0.0%,0,0.0,0.0
2026-06-07,三文鱼做法意图测试,198981408,1.37,80,8.75%,0.0%,7,368.0,0.2,17.13,1.37,80,7,8.75%,0.2,17.13,0,0.0,0.0,0.0,0,0.0,0.00,0.0,0,0.00,0.0,0,0,0.0,0,0,0.0,1,1.37,368.0,268.61,1,1.37,368.0,268.61,1,1.37,368.0,268.61,19,2,0.41,23.75%,28.57%,29.65%,14.29%,1,368.0,268.61
2026-06-07,山姆盒马三文鱼截流,198986280,0.03,30,10.0%,0.0%,3,0.0,0.01,1.0,0.03,29,3,10.34%,0.01,1.03,0,0.0,0.0,0.0,0,0.0,0.00,0.0,0,0.00,0.0,0,0,0.0,0,0,0.0,0,0.0,0.0,0.0,0,0.0,0.0,0.0,0,0.0,0.0,0.0,5,1,0.01,16.67%,33.33%,33.33%,0.0%,0,0.0,0.0
2026-06-07,6月高点击笔记测试_复制,201276745,0.00,4,0.0%,0.0%,0,0.0,0.0,0.0,0.0,4,0,0.0%,0.0,0.0,0,0.0,0.0,0.0,0,0.0,0.00,0.0,0,0.00,0.0,0,0,0.0,0,0,0.0,0,0.0,0.0,0.0,0,0.0,0.0,0.0,0,0.0,0.0,0.0,2,0,0.0,50.0%,0.0%,0.0%,0.0%,0,0.0,0.0
2026-06-07,虾仁收割计划,201634879,7.70,357,9.52%,0.0%,34,0.0,0.23,21.57,7.7,357,34,9.52%,0.23,21.57,0,0.0,0.0,0.0,0,0.0,0.00,0.0,0,0.00,0.0,0,0,0.0,0,0,0.0,0,0.0,0.0,0.0,0,0.0,0.0,0.0,0,0.0,0.0,0.0,53,8,1.95,15.19%,23.53%,25.39%,0.0%,0,0.0,0.0
2026-06-07,鲅鱼计划,201641214,0.00,8,0.0%,0.0%,0,0.0,0.0,0.0,0.0,8,0,0.0%,0.0,0.0,0,0.0,0.0,0.0,0,0.0,0.00,0.0,0,0.00,0.0,0,0,0.0,0,0,0.0,0,0.0,0.0,0.0,0,0.0,0.0,0.0,0,0.0,0.0,0.0,0,0,0.0,0.0%,0.0%,0.0%,0.0%,0,0.0,0.0
2026-06-08,三文鱼搜索关键词,184817496,1.47,13,7.69%,0.0%,1,0.0,1.47,113.08,1.47,12,1,8.33%,1.47,122.5,0,0.0,0.0,0.0,0,0.0,0.00,0.0,0,0.00,0.0,0,0,0.0,0,0,0.0,0,0.0,0.0,0.0,0,0.0,0.0,0.0,0,0.0,0.0,0.0,3,1,1.47,23.08%,100.0%,100.0%,0.0%,0,0.0,0.0
2026-06-08,虾仁搜索,185525682,0.00,7,0.0%,0.0%,0,0.0,0.0,0.0,0.0,7,0,0.0%,0.0,0.0,0,0.0,0.0,0.0,0,0.0,0.00,0.0,0,0.00,0.0,0,0,0.0,0,0,0.0,0,0.0,0.0,0.0,0,0.0,0.0,0.0,0,0.0,0.0,0.0,0,0,0.0,0.0%,0.0%,0.0%,0.0%,0,0.0,0.0
2026-06-08,三文鱼搜索关键词_复制,186136724,0.26,9,22.22%,0.0%,2,0.0,0.13,28.89,0.26,9,2,22.22%,0.13,28.89,0,0.0,0.0,0.0,0,0.0,0.00,0.0,0,0.00,0.0,0,0,0.0,0,0,0.0,0,0.0,0.0,0.0,0,0.0,0.0,0.0,0,0.0,0.0,0.0,3,1,0.25,33.33%,50.0%,96.15%,0.0%,0,0.0,0.0
2026-06-08,三文鱼爆款购买潜在需求,186737237,5.90,243,14.4%,0.0%,35,0.0,0.17,24.28,5.9,241,35,14.52%,0.17,24.48,0,0.0,0.0,0.0,0,0.0,0.00,0.0,0,0.00,0.0,0,0,0.0,0,0,0.0,0,0.0,0.0,0.0,0,0.0,0.0,0.0,0,0.0,0.0,0.0,73,17,3.79,30.04%,48.57%,64.24%,0.0%,0,0.0,0.0
2026-06-08,三文鱼,194400456,0.00,1,0.0%,0.0%,0,0.0,0.0,0.0,0.0,1,0,0.0%,0.0,0.0,0,0.0,0.0,0.0,0,0.0,0.00,0.0,0,0.00,0.0,0,0,0.0,0,0,0.0,0,0.0,0.0,0.0,0,0.0,0.0,0.0,0,0.0,0.0,0.0,0,0,0.0,0.0%,0.0%,0.0%,0.0%,0,0.0,0.0
2026-06-08,7日虾仁笔记_复制,195192732,0.64,23,13.04%,0.0%,3,0.0,0.21,27.83,0.64,23,3,13.04%,0.21,27.83,0,0.0,0.0,0.0,0,0.0,0.00,0.0,0,0.00,0.0,0,0,0.0,0,0,0.0,0,0.0,0.0,0.0,0,0.0,0.0,0.0,0,0.0,0.0,0.0,2,1,0.16,8.7%,33.33%,25.0%,0.0%,0,0.0,0.0
2026-06-08,521虾仁测试,196982127,0.64,5,20.0%,0.0%,1,0.0,0.64,128.0,0.64,5,1,20.0%,0.64,128.0,0,0.0,0.0,0.0,0,0.0,0.00,0.0,0,0.00,0.0,0,0,0.0,0,0,0.0,0,0.0,0.0,0.0,0,0.0,0.0,0.0,0,0.0,0.0,0.0,1,0,0.0,20.0%,0.0%,0.0%,0.0%,0,0.0,0.0
2026-06-08,521三文鱼搜索,196988252,0.01,12,8.33%,0.0%,1,0.0,0.01,0.83,0.01,12,1,8.33%,0.01,0.83,0,0.0,0.0,0.0,0,0.0,0.00,0.0,0,0.00,0.0,0,0,0.0,0,0,0.0,0,0.0,0.0,0.0,0,0.0,0.0,0.0,0,0.0,0.0,0.0,3,0,0.0,25.0%,0.0%,0.0%,0.0%,0,0.0,0.0
2026-06-08,减脂餐词汇搜索_复制,198319589,0.00,9,0.0%,0.0%,0,0.0,0.0,0.0,0.0,9,0,0.0%,0.0,0.0,0,0.0,0.0,0.0,0,0.0,0.00,0.0,0,0.00,0.0,0,0,0.0,0,0,0.0,0,0.0,0.0,0.0,0,0.0,0.0,0.0,0,0.0,0.0,0.0,1,0,0.0,11.11%,0.0%,0.0%,0.0%,0,0.0,0.0
2026-06-08,三文鱼搜索关键词_20260526_170915,198328826,1.87,76,13.16%,0.0%,10,0.0,0.19,24.61,1.87,75,10,13.33%,0.19,24.93,0,0.0,0.0,0.0,0,0.0,0.00,0.0,0,0.00,0.0,0,0,0.0,0,0,0.0,0,0.0,0.0,0.0,0,0.0,0.0,0.0,0,0.0,0.0,0.0,19,5,0.95,25.0%,50.0%,50.79%,0.0%,0,0.0,0.0
2026-06-08,三文鱼搜索新计划,198891243,0.09,24,8.33%,0.0%,2,0.0,0.05,3.75,0.09,23,2,8.7%,0.05,3.91,0,0.0,0.0,0.0,0,0.0,0.00,0.0,0,0.00,0.0,0,0,0.0,0,0,0.0,0,0.0,0.0,0.0,0,0.0,0.0,0.0,0,0.0,0.0,0.0,8,2,0.09,33.33%,100.0%,100.0%,0.0%,0,0.0,0.0
2026-06-08,虾仁高购买意图测试,198948610,1.83,27,22.22%,0.0%,6,0.0,0.31,67.78,1.83,27,6,22.22%,0.31,67.78,0,0.0,0.0,0.0,0,0.0,0.00,0.0,0,0.00,0.0,0,0,0.0,0,0,0.0,0,0.0,0.0,0.0,0,0.0,0.0,0.0,0,0.0,0.0,0.0,5,0,0.0,18.52%,0.0%,0.0%,0.0%,0,0.0,0.0
2026-06-08,虾仁笔记推词测试,198949210,0.00,12,0.0%,0.0%,0,0.0,0.0,0.0,0.0,12,0,0.0%,0.0,0.0,0,0.0,0.0,0.0,0,0.0,0.00,0.0,0,0.00,0.0,0,0,0.0,0,0,0.0,0,0.0,0.0,0.0,0,0.0,0.0,0.0,0,0.0,0.0,0.0,1,0,0.0,8.33%,0.0%,0.0%,0.0%,0,0.0,0.0
2026-06-08,三文鱼购买意图测试,198960741,0.57,106,9.43%,0.0%,10,0.0,0.06,5.38,0.57,105,10,9.52%,0.06,5.43,0,0.0,0.0,0.0,0,0.0,0.00,0.0,0,0.00,0.0,0,0,0.0,0,0,0.0,0,0.0,0.0,0.0,0,0.0,0.0,0.0,0,0.0,0.0,0.0,39,6,0.44,36.79%,60.0%,77.19%,0.0%,0,0.0,0.0
2026-06-08,三文鱼做法意图测试,198981408,4.51,93,18.28%,0.0%,17,0.0,0.27,48.49,4.51,92,17,18.48%,0.27,49.02,0,0.0,0.0,0.0,0,0.0,0.00,0.0,0,0.00,0.0,0,0,0.0,0,0,0.0,0,0.0,0.0,0.0,0,0.0,0.0,0.0,0,0.0,0.0,0.0,29,5,1.75,31.18%,29.41%,38.8%,0.0%,0,0.0,0.0
2026-06-08,山姆盒马三文鱼截流,198986280,0.31,41,9.76%,0.0%,4,0.0,0.08,7.56,0.31,41,4,9.76%,0.08,7.56,0,0.0,0.0,0.0,0,0.0,0.00,0.0,0,0.00,0.0,0,0,0.0,0,0,0.0,0,0.0,0.0,0.0,0,0.0,0.0,0.0,0,0.0,0.0,0.0,8,1,0.12,19.51%,25.0%,38.64%,0.0%,0,0.0,0.0
2026-06-08,6月高点击笔记测试_复制,201276745,0.32,11,9.09%,0.0%,1,0.0,0.32,29.09,0.32,11,1,9.09%,0.32,29.09,0,0.0,0.0,0.0,0,0.0,0.00,0.0,0,0.00,0.0,0,0,0.0,0,0,0.0,0,0.0,0.0,0.0,0,0.0,0.0,0.0,0,0.0,0.0,0.0,2,0,0.0,18.18%,0.0%,0.0%,0.0%,0,0.0,0.0
2026-06-08,虾仁收割计划,201634879,12.47,329,13.68%,0.0%,45,138.0,0.28,37.9,12.47,328,45,13.72%,0.28,38.02,0,0.0,0.0,0.0,0,0.0,0.00,0.0,0,0.00,0.0,0,0,0.0,0,0,0.0,2,6.24,138.0,11.07,2,6.24,138.0,11.07,2,6.24,138.0,11.07,49,12,4.66,15.12%,26.67%,37.33%,4.44%,2,138.0,11.07
2026-06-08,鲅鱼计划,201641214,0.00,27,0.0%,0.0%,0,0.0,0.0,0.0,0.0,27,0,0.0%,0.0,0.0,0,0.0,0.0,0.0,0,0.0,0.00,0.0,0,0.00,0.0,0,0,0.0,0,0,0.0,0,0.0,0.0,0.0,0,0.0,0.0,0.0,0,0.0,0.0,0.0,2,0,0.0,7.41%,0.0%,0.0%,0.0%,0,0.0,0.0
2026-06-09,三文鱼搜索关键词,184817496,0.09,3,66.67%,0.0%,2,0.0,0.05,30.0,0.09,3,2,66.67%,0.05,30.0,0,0.0,0.0,0.0,0,0.0,0.00,0.0,0,0.00,0.0,0,0,0.0,0,0,0.0,0,0.0,0.0,0.0,0,0.0,0.0,0.0,0,0.0,0.0,0.0,0,0,0.0,0.0%,0.0%,0.0%,0.0%,0,0.0,0.0
2026-06-09,虾仁搜索,185525682,0.00,3,0.0%,0.0%,0,0.0,0.0,0.0,0.0,3,0,0.0%,0.0,0.0,0,0.0,0.0,0.0,0,0.0,0.00,0.0,0,0.00,0.0,0,0,0.0,0,0,0.0,0,0.0,0.0,0.0,0,0.0,0.0,0.0,0,0.0,0.0,0.0,0,0,0.0,0.0%,0.0%,0.0%,0.0%,0,0.0,0.0
2026-06-09,三文鱼搜索关键词_复制,186136724,0.03,6,16.67%,0.0%,1,0.0,0.03,5.0,0.03,6,1,16.67%,0.03,5.0,0,0.0,0.0,0.0,0,0.0,0.00,0.0,0,0.00,0.0,0,0,0.0,0,0,0.0,0,0.0,0.0,0.0,0,0.0,0.0,0.0,0,0.0,0.0,0.0,3,1,0.03,50.0%,100.0%,100.0%,0.0%,0,0.0,0.0
2026-06-09,三文鱼爆款购买潜在需求,186737237,1.65,165,10.91%,0.0%,18,0.0,0.09,10.0,1.65,163,18,11.04%,0.09,10.12,0,0.0,0.0,0.0,0,0.0,0.00,0.0,0,0.00,0.0,0,0,0.0,0,0,0.0,0,0.0,0.0,0.0,0,0.0,0.0,0.0,0,0.0,0.0,0.0,37,7,1.26,22.42%,38.89%,76.46%,0.0%,0,0.0,0.0
2026-06-09,7日虾仁笔记_复制,195192732,0.96,18,22.22%,0.0%,4,0.0,0.24,53.33,0.96,18,4,22.22%,0.24,53.33,0,0.0,0.0,0.0,0,0.0,0.00,0.0,0,0.00,0.0,0,0,0.0,0,0,0.0,0,0.0,0.0,0.0,0,0.0,0.0,0.0,0,0.0,0.0,0.0,5,2,0.24,27.78%,50.0%,25.0%,0.0%,0,0.0,0.0
2026-06-09,521虾仁测试,196982127,0.02,6,33.33%,0.0%,2,0.0,0.01,3.33,0.02,6,2,33.33%,0.01,3.33,0,0.0,0.0,0.0,0,0.0,0.00,0.0,0,0.00,0.0,0,0,0.0,0,0,0.0,0,0.0,0.0,0.0,0,0.0,0.0,0.0,0,0.0,0.0,0.0,2,1,0.01,33.33%,50.0%,34.48%,0.0%,0,0.0,0.0
2026-06-09,521虾仁测试_复制,196982135,0.00,1,0.0%,0.0%,0,0.0,0.0,0.0,0.0,1,0,0.0%,0.0,0.0,0,0.0,0.0,0.0,0,0.0,0.00,0.0,0,0.00,0.0,0,0,0.0,0,0,0.0,0,0.0,0.0,0.0,0,0.0,0.0,0.0,0,0.0,0.0,0.0,0,0,0.0,0.0%,0.0%,0.0%,0.0%,0,0.0,0.0
2026-06-09,521三文鱼搜索,196988252,0.00,2,0.0%,0.0%,0,0.0,0.0,0.0,0.0,2,0,0.0%,0.0,0.0,0,0.0,0.0,0.0,0,0.0,0.00,0.0,0,0.00,0.0,0,0,0.0,0,0,0.0,0,0.0,0.0,0.0,0,0.0,0.0,0.0,0,0.0,0.0,0.0,0,0,0.0,0.0%,0.0%,0.0%,0.0%,0,0.0,0.0
2026-06-09,减脂餐词汇搜索_复制,198319589,0.00,3,0.0%,0.0%,0,0.0,0.0,0.0,0.0,3,0,0.0%,0.0,0.0,0,0.0,0.0,0.0,0,0.0,0.00,0.0,0,0.00,0.0,0,0,0.0,0,0,0.0,0,0.0,0.0,0.0,0,0.0,0.0,0.0,0,0.0,0.0,0.0,1,0,0.0,33.33%,0.0%,0.0%,0.0%,0,0.0,0.0
2026-06-09,三文鱼搜索关键词_20260526_170915,198328826,0.75,64,6.25%,0.0%,4,0.0,0.19,11.72,0.75,62,4,6.45%,0.19,12.1,0,0.0,0.0,0.0,0,0.0,0.00,0.0,0,0.00,0.0,0,0,0.0,0,0,0.0,0,0.0,0.0,0.0,0,0.0,0.0,0.0,0,0.0,0.0,0.0,13,2,0.5,20.31%,50.0%,66.67%,0.0%,0,0.0,0.0
2026-06-09,三文鱼搜索新计划,198891243,0.30,8,12.5%,0.0%,1,0.0,0.3,37.5,0.3,8,1,12.5%,0.3,37.5,0,0.0,0.0,0.0,0,0.0,0.00,0.0,0,0.00,0.0,0,0,0.0,0,0,0.0,0,0.0,0.0,0.0,0,0.0,0.0,0.0,0,0.0,0.0,0.0,2,0,0.0,25.0%,0.0%,0.0%,0.0%,0,0.0,0.0
2026-06-09,虾仁高购买意图测试,198948610,0.05,14,7.14%,0.0%,1,0.0,0.05,3.57,0.05,14,1,7.14%,0.05,3.57,0,0.0,0.0,0.0,0,0.0,0.00,0.0,0,0.00,0.0,0,0,0.0,0,0,0.0,0,0.0,0.0,0.0,0,0.0,0.0,0.0,0,0.0,0.0,0.0,4,0,0.0,28.57%,0.0%,0.0%,0.0%,0,0.0,0.0
2026-06-09,虾仁笔记推词测试,198949210,0.06,10,10.0%,0.0%,1,0.0,0.06,6.0,0.06,10,1,10.0%,0.06,6.0,0,0.0,0.0,0.0,0,0.0,0.00,0.0,0,0.00,0.0,0,0,0.0,0,0,0.0,0,0.0,0.0,0.0,0,0.0,0.0,0.0,0,0.0,0.0,0.0,1,0,0.0,10.0%,0.0%,0.0%,0.0%,0,0.0,0.0
2026-06-09,三文鱼购买意图测试,198960741,0.46,82,4.88%,0.0%,4,0.0,0.12,5.61,0.46,82,4,4.88%,0.12,5.61,0,0.0,0.0,0.0,0,0.0,0.00,0.0,0,0.00,0.0,0,0,0.0,0,0,0.0,0,0.0,0.0,0.0,0,0.0,0.0,0.0,0,0.0,0.0,0.0,34,2,0.18,41.46%,50.0%,39.13%,0.0%,0,0.0,0.0
2026-06-09,三文鱼做法意图测试,198981408,3.01,98,8.16%,0.0%,8,0.0,0.38,30.71,3.01,97,8,8.25%,0.38,31.03,0,0.0,0.0,0.0,0,0.0,0.00,0.0,0,0.00,0.0,0,0,0.0,0,0,0.0,0,0.0,0.0,0.0,0,0.0,0.0,0.0,0,0.0,0.0,0.0,24,6,0.63,24.49%,75.0%,20.93%,0.0%,0,0.0,0.0
2026-06-09,山姆盒马三文鱼截流,198986280,0.44,25,16.0%,0.0%,4,0.0,0.11,17.6,0.44,25,4,16.0%,0.11,17.6,0,0.0,0.0,0.0,0,0.0,0.00,0.0,0,0.00,0.0,0,0,0.0,0,0,0.0,0,0.0,0.0,0.0,0,0.0,0.0,0.0,0,0.0,0.0,0.0,7,2,0.14,28.0%,50.0%,31.82%,0.0%,0,0.0,0.0
2026-06-09,6月高点击笔记测试_复制,201276745,0.08,4,25.0%,0.0%,1,0.0,0.08,20.0,0.08,4,1,25.0%,0.08,20.0,0,0.0,0.0,0.0,0,0.0,0.00,0.0,0,0.00,0.0,0,0,0.0,0,0,0.0,0,0.0,0.0,0.0,0,0.0,0.0,0.0,0,0.0,0.0,0.0,2,1,0.08,50.0%,100.0%,100.0%,0.0%,0,0.0,0.0
2026-06-09,虾仁收割计划,201634879,12.96,278,13.67%,0.0%,38,69.0,0.34,46.62,12.96,276,38,13.77%,0.34,46.96,0,0.0,0.0,0.0,0,0.0,0.00,0.0,0,0.00,0.0,0,0,0.0,0,0,0.0,1,12.96,69.0,5.32,1,12.96,69.0,5.32,1,12.96,69.0,5.32,49,13,4.84,18.01%,34.21%,37.37%,2.63%,1,69.0,5.32
2026-06-09,鲅鱼计划,201641214,0.00,6,0.0%,0.0%,0,0.0,0.0,0.0,0.0,6,0,0.0%,0.0,0.0,0,0.0,0.0,0.0,0,0.0,0.00,0.0,0,0.00,0.0,0,0,0.0,0,0,0.0,0,0.0,0.0,0.0,0,0.0,0.0,0.0,0,0.0,0.0,0.0,1,0,0.0,16.67%,0.0%,0.0%,0.0%,0,0.0,0.0
2026-06-10,三文鱼搜索关键词,184817496,0.11,2,50.0%,0.0%,1,0.0,0.11,55.0,0.11,2,1,50.0%,0.11,55.0,0,0.0,0.0,0.0,0,0.0,0.00,0.0,0,0.00,0.0,0,0,0.0,0,0,0.0,0,0.0,0.0,0.0,0,0.0,0.0,0.0,0,0.0,0.0,0.0,0,0,0.0,0.0%,0.0%,0.0%,0.0%,0,0.0,0.0
2026-06-10,虾仁搜索,185525682,0.00,2,0.0%,0.0%,0,0.0,0.0,0.0,0.0,2,0,0.0%,0.0,0.0,0,0.0,0.0,0.0,0,0.0,0.00,0.0,0,0.00,0.0,0,0,0.0,0,0,0.0,0,0.0,0.0,0.0,0,0.0,0.0,0.0,0,0.0,0.0,0.0,0,0,0.0,0.0%,0.0%,0.0%,0.0%,0,0.0,0.0
2026-06-10,三文鱼搜索关键词_复制,186136724,0.00,7,0.0%,0.0%,0,0.0,0.0,0.0,0.0,7,0,0.0%,0.0,0.0,0,0.0,0.0,0.0,0,0.0,0.00,0.0,0,0.00,0.0,0,0,0.0,0,0,0.0,0,0.0,0.0,0.0,0,0.0,0.0,0.0,0,0.0,0.0,0.0,3,0,0.0,42.86%,0.0%,0.0%,0.0%,0,0.0,0.0
2026-06-10,三文鱼爆款购买潜在需求,186737237,3.59,133,12.03%,0.0%,16,0.0,0.22,26.99,3.59,133,16,12.03%,0.22,26.99,0,0.0,0.0,0.0,0,0.0,0.00,0.0,0,0.00,0.0,0,0,0.0,0,0,0.0,0,0.0,0.0,0.0,0,0.0,0.0,0.0,0,0.0,0.0,0.0,29,5,1.38,21.8%,31.25%,38.42%,0.0%,0,0.0,0.0
2026-06-10,7日虾仁笔记_复制,195192732,1.32,24,12.5%,0.0%,3,0.0,0.44,55.0,1.32,24,3,12.5%,0.44,55.0,0,0.0,0.0,0.0,0,0.0,0.00,0.0,0,0.00,0.0,0,0,0.0,0,0,0.0,0,0.0,0.0,0.0,0,0.0,0.0,0.0,0,0.0,0.0,0.0,6,2,0.35,25.0%,66.67%,26.52%,0.0%,0,0.0,0.0
2026-06-10,521虾仁测试,196982127,0.26,11,27.27%,0.0%,3,0.0,0.09,23.64,0.26,11,3,27.27%,0.09,23.64,0,0.0,0.0,0.0,0,0.0,0.00,0.0,0,0.00,0.0,0,0,0.0,0,0,0.0,0,0.0,0.0,0.0,0,0.0,0.0,0.0,0,0.0,0.0,0.0,1,0,0.0,9.09%,0.0%,0.0%,0.0%,0,0.0,0.0
2026-06-10,521三文鱼搜索,196988252,0.00,3,0.0%,0.0%,0,0.0,0.0,0.0,0.0,3,0,0.0%,0.0,0.0,0,0.0,0.0,0.0,0,0.0,0.00,0.0,0,0.00,0.0,0,0,0.0,0,0,0.0,0,0.0,0.0,0.0,0,0.0,0.0,0.0,0,0.0,0.0,0.0,1,0,0.0,33.33%,0.0%,0.0%,0.0%,0,0.0,0.0
2026-06-10,三文鱼搜索关键词_20260526_170915,198328826,1.58,18,5.56%,0.0%,1,0.0,1.58,87.78,1.58,18,1,5.56%,1.58,87.78,0,0.0,0.0,0.0,0,0.0,0.00,0.0,0,0.00,0.0,0,0,0.0,0,0,0.0,0,0.0,0.0,0.0,0,0.0,0.0,0.0,0,0.0,0.0,0.0,2,1,1.58,11.11%,100.0%,100.0%,0.0%,0,0.0,0.0
2026-06-10,三文鱼搜索新计划,198891243,0.00,3,0.0%,0.0%,0,0.0,0.0,0.0,0.0,3,0,0.0%,0.0,0.0,0,0.0,0.0,0.0,0,0.0,0.00,0.0,0,0.00,0.0,0,0,0.0,0,0,0.0,0,0.0,0.0,0.0,0,0.0,0.0,0.0,0,0.0,0.0,0.0,2,0,0.0,66.67%,0.0%,0.0%,0.0%,0,0.0,0.0
2026-06-10,虾仁高购买意图测试,198948610,0.00,2,0.0%,0.0%,0,0.0,0.0,0.0,0.0,2,0,0.0%,0.0,0.0,0,0.0,0.0,0.0,0,0.0,0.00,0.0,0,0.00,0.0,0,0,0.0,0,0,0.0,0,0.0,0.0,0.0,0,0.0,0.0,0.0,0,0.0,0.0,0.0,0,0,0.0,0.0%,0.0%,0.0%,0.0%,0,0.0,0.0
2026-06-10,虾仁笔记推词测试,198949210,0.04,10,30.0%,0.0%,3,0.0,0.01,4.0,0.04,10,3,30.0%,0.01,4.0,0,0.0,0.0,0.0,0,0.0,0.00,0.0,0,0.00,0.0,0,0,0.0,0,0,0.0,0,0.0,0.0,0.0,0,0.0,0.0,0.0,0,0.0,0.0,0.0,0,0,0.0,0.0%,0.0%,0.0%,0.0%,0,0.0,0.0
2026-06-10,三文鱼购买意图测试,198960741,0.54,75,8.0%,0.0%,6,0.0,0.09,7.2,0.54,75,6,8.0%,0.09,7.2,0,0.0,0.0,0.0,0,0.0,0.00,0.0,0,0.00,0.0,0,0,0.0,0,0,0.0,0,0.0,0.0,0.0,0,0.0,0.0,0.0,0,0.0,0.0,0.0,24,3,0.06,32.0%,50.0%,11.28%,0.0%,0,0.0,0.0
2026-06-10,三文鱼做法意图测试,198981408,9.73,129,10.85%,0.0%,14,68.0,0.7,75.43,9.73,128,14,10.94%,0.7,76.02,0,0.0,0.0,0.0,0,0.0,0.00,0.0,0,0.00,0.0,0,0,0.0,0,0,0.0,1,9.73,68.0,6.99,1,9.73,68.0,6.99,1,9.73,68.0,6.99,29,2,0.09,22.48%,14.29%,0.92%,7.14%,1,68.0,6.99
2026-06-10,山姆盒马三文鱼截流,198986280,0.00,1,0.0%,0.0%,0,0.0,0.0,0.0,0.0,1,0,0.0%,0.0,0.0,0,0.0,0.0,0.0,0,0.0,0.00,0.0,0,0.00,0.0,0,0,0.0,0,0,0.0,0,0.0,0.0,0.0,0,0.0,0.0,0.0,0,0.0,0.0,0.0,1,0,0.0,100.0%,0.0%,0.0%,0.0%,0,0.0,0.0
2026-06-10,6月高点击笔记测试_复制,201276745,0.34,6,50.0%,0.0%,3,0.0,0.11,56.67,0.34,6,3,50.0%,0.11,56.67,0,0.0,0.0,0.0,0,0.0,0.00,0.0,0,0.00,0.0,0,0,0.0,0,0,0.0,0,0.0,0.0,0.0,0,0.0,0.0,0.0,0,0.0,0.0,0.0,2,2,0.31,33.33%,66.67%,90.12%,0.0%,0,0.0,0.0
2026-06-10,虾仁收割计划,201634879,4.99,250,10.4%,0.0%,26,0.0,0.19,19.96,4.99,250,26,10.4%,0.19,19.96,0,0.0,0.0,0.0,0,0.0,0.00,0.0,0,0.00,0.0,0,0,0.0,0,0,0.0,0,0.0,0.0,0.0,0,0.0,0.0,0.0,0,0.0,0.0,0.0,48,11,2.71,19.43%,42.31%,54.41%,0.0%,0,0.0,0.0
2026-06-10,鲅鱼计划,201641214,0.00,5,0.0%,0.0%,0,0.0,0.0,0.0,0.0,5,0,0.0%,0.0,0.0,0,0.0,0.0,0.0,0,0.0,0.00,0.0,0,0.00,0.0,0,0,0.0,0,0,0.0,0,0.0,0.0,0.0,0,0.0,0.0,0.0,0,0.0,0.0,0.0,2,0,0.0,40.0%,0.0%,0.0%,0.0%,0,0.0,0.0
2026-06-10,近期带饭优选笔记,202518782,2.20,51,19.61%,0.0%,10,0.0,0.22,43.14,2.2,51,10,19.61%,0.22,43.14,0,0.0,0.0,0.0,0,0.0,0.00,0.0,0,0.00,0.0,0,0,0.0,0,0,0.0,0,0.0,0.0,0.0,0,0.0,0.0,0.0,0,0.0,0.0,0.0,11,5,1.08,21.57%,50.0%,49.18%,0.0%,0,0.0,0.0
2026-06-10,三文鱼人群定向测试,202545695,1.12,62,12.9%,0.0%,8,0.0,0.14,18.06,1.12,62,8,12.9%,0.14,18.06,0,0.0,0.0,0.0,0,0.0,0.00,0.0,0,0.00,0.0,0,0,0.0,0,0,0.0,0,0.0,0.0,0.0,0,0.0,0.0,0.0,0,0.0,0.0,0.0,8,0,0.0,24.24%,0.0%,0.0%,0.0%,0,0.0,0.0
2026-06-11,虾仁搜索,185525682,0.03,9,11.11%,0.0%,1,0.0,0.03,3.33,0.03,9,1,11.11%,0.03,3.33,0,0.0,0.0,0.0,0,0.0,0.00,0.0,0,0.00,0.0,0,0,0.0,0,0,0.0,0,0.0,0.0,0.0,0,0.0,0.0,0.0,0,0.0,0.0,0.0,1,0,0.0,11.11%,0.0%,0.0%,0.0%,0,0.0,0.0
2026-06-11,三文鱼搜索关键词_复制,186136724,0.00,1,0.0%,0.0%,0,0.0,0.0,0.0,0.0,1,0,0.0%,0.0,0.0,0,0.0,0.0,0.0,0,0.0,0.00,0.0,0,0.00,0.0,0,0,0.0,0,0,0.0,0,0.0,0.0,0.0,0,0.0,0.0,0.0,0,0.0,0.0,0.0,0,0,0.0,0.0%,0.0%,0.0%,0.0%,0,0.0,0.0
2026-06-11,三文鱼爆款购买潜在需求,186737237,5.15,122,13.93%,0.0%,17,0.0,0.3,42.21,4.07,120,15,12.5%,0.27,33.92,0,0.0,0.0,0.0,0,0.0,0.00,0.0,0,0.00,0.0,0,0,0.0,0,0,0.0,0,0.0,0.0,0.0,0,0.0,0.0,0.0,0,0.0,0.0,0.0,27,4,1.19,22.13%,23.53%,23.11%,0.0%,0,0.0,0.0
2026-06-11,7日虾仁笔记_复制,195192732,0.16,18,5.56%,0.0%,1,0.0,0.16,8.89,0.16,18,1,5.56%,0.16,8.89,0,0.0,0.0,0.0,0,0.0,0.00,0.0,0,0.00,0.0,0,0,0.0,0,0,0.0,0,0.0,0.0,0.0,0,0.0,0.0,0.0,0,0.0,0.0,0.0,2,0,0.0,11.11%,0.0%,0.0%,0.0%,0,0.0,0.0
2026-06-11,521虾仁测试,196982127,0.90,23,8.7%,0.0%,2,0.0,0.45,39.13,0.9,23,2,8.7%,0.45,39.13,0,0.0,0.0,0.0,0,0.0,0.00,0.0,0,0.00,0.0,0,0,0.0,0,0,0.0,0,0.0,0.0,0.0,0,0.0,0.0,0.0,0,0.0,0.0,0.0,4,0,0.0,17.39%,0.0%,0.0%,0.0%,0,0.0,0.0
2026-06-11,虾仁笔记推词测试,198949210,0.42,44,9.09%,0.0%,4,0.0,0.11,9.55,0.42,43,4,9.3%,0.11,9.77,0,0.0,0.0,0.0,0,0.0,0.00,0.0,0,0.00,0.0,0,0,0.0,0,0,0.0,0,0.0,0.0,0.0,0,0.0,0.0,0.0,0,0.0,0.0,0.0,6,0,0.0,13.64%,0.0%,0.0%,0.0%,0,0.0,0.0
2026-06-11,三文鱼购买意图测试,198960741,0.70,88,9.09%,0.0%,8,0.0,0.09,7.95,0.7,86,8,9.3%,0.09,8.14,0,0.0,0.0,0.0,0,0.0,0.00,0.0,0,0.00,0.0,0,0,0.0,0,0,0.0,0,0.0,0.0,0.0,0,0.0,0.0,0.0,0,0.0,0.0,0.0,27,4,0.34,30.68%,50.0%,49.01%,0.0%,0,0.0,0.0
2026-06-11,三文鱼做法意图测试,198981408,11.81,152,13.16%,0.0%,20,0.0,0.59,77.7,11.81,151,20,13.25%,0.59,78.21,0,0.0,0.0,0.0,0,0.0,0.00,0.0,0,0.00,0.0,0,0,0.0,0,0,0.0,0,0.0,0.0,0.0,0,0.0,0.0,0.0,0,0.0,0.0,0.0,44,10,9.63,28.95%,50.0%,81.51%,0.0%,0,0.0,0.0
2026-06-11,6月高点击笔记测试_复制,201276745,0.84,3,33.33%,0.0%,1,0.0,0.84,280.0,0.0,2,0,0.0%,0.0,0.0,0,0.0,0.0,0.0,0,0.0,0.00,0.0,0,0.00,0.0,0,0,0.0,0,0,0.0,0,0.0,0.0,0.0,0,0.0,0.0,0.0,0,0.0,0.0,0.0,1,0,0.0,33.33%,0.0%,0.0%,0.0%,0,0.0,0.0
2026-06-11,虾仁收割计划,201634879,3.61,79,17.72%,0.0%,14,0.0,0.26,45.7,3.61,79,14,17.72%,0.26,45.7,0,0.0,0.0,0.0,0,0.0,0.00,0.0,0,0.00,0.0,0,0,0.0,0,0,0.0,0,0.0,0.0,0.0,0,0.0,0.0,0.0,0,0.0,0.0,0.0,11,4,1.04,14.1%,28.57%,28.81%,0.0%,0,0.0,0.0
2026-06-11,鲅鱼计划,201641214,0.00,11,0.0%,0.0%,0,0.0,0.0,0.0,0.0,11,0,0.0%,0.0,0.0,0,0.0,0.0,0.0,0,0.0,0.00,0.0,0,0.00,0.0,0,0,0.0,0,0,0.0,0,0.0,0.0,0.0,0,0.0,0.0,0.0,0,0.0,0.0,0.0,3,0,0.0,27.27%,0.0%,0.0%,0.0%,0,0.0,0.0
2026-06-11,近期带饭优选笔记,202518782,2.96,90,24.44%,0.0%,22,0.0,0.13,32.89,2.96,89,22,24.72%,0.13,33.26,0,0.0,0.0,0.0,0,0.0,0.00,0.0,0,0.00,0.0,0,0,0.0,0,0,0.0,0,0.0,0.0,0.0,0,0.0,0.0,0.0,0,0.0,0.0,0.0,30,10,1.7,33.33%,45.45%,57.38%,0.0%,0,0.0,0.0
2026-06-11,三文鱼人群定向测试,202545695,1.84,100,13.0%,0.0%,13,0.0,0.14,18.4,1.84,99,13,13.13%,0.14,18.59,0,0.0,0.0,0.0,0,0.0,0.00,0.0,0,0.00,0.0,0,0,0.0,0,0,0.0,0,0.0,0.0,0.0,0,0.0,0.0,0.0,0,0.0,0.0,0.0,22,3,0.27,23.16%,25.0%,15.7%,0.0%,0,0.0,0.0
2026-06-12,虾仁搜索,185525682,0.13,5,20.0%,0.0%,1,0.0,0.13,26.0,0.13,5,1,20.0%,0.13,26.0,0,0.0,0.0,0.0,0,0.0,0.00,0.0,0,0.00,0.0,0,0,0.0,0,0,0.0,0,0.0,0.0,0.0,0,0.0,0.0,0.0,0,0.0,0.0,0.0,0,0,0.0,0.0%,0.0%,0.0%,0.0%,0,0.0,0.0
2026-06-12,三文鱼爆款购买潜在需求,186737237,1.84,52,17.31%,0.0%,9,0.0,0.2,35.38,1.84,52,9,17.31%,0.2,35.38,0,0.0,0.0,0.0,0,0.0,0.00,0.0,0,0.00,0.0,0,0,0.0,0,0,0.0,0,0.0,0.0,0.0,0,0.0,0.0,0.0,0,0.0,0.0,0.0,8,3,0.26,15.38%,33.33%,14.13%,0.0%,0,0.0,0.0
2026-06-12,7日虾仁笔记_复制,195192732,0.00,6,0.0%,0.0%,0,0.0,0.0,0.0,0.0,6,0,0.0%,0.0,0.0,0,0.0,0.0,0.0,0,0.0,0.00,0.0,0,0.00,0.0,0,0,0.0,0,0,0.0,0,0.0,0.0,0.0,0,0.0,0.0,0.0,0,0.0,0.0,0.0,0,0,0.0,0.0%,0.0%,0.0%,0.0%,0,0.0,0.0
2026-06-12,521虾仁测试,196982127,0.15,9,22.22%,0.0%,2,0.0,0.08,16.67,0.15,9,2,22.22%,0.08,16.67,0,0.0,0.0,0.0,0,0.0,0.00,0.0,0,0.00,0.0,0,0,0.0,0,0,0.0,0,0.0,0.0,0.0,0,0.0,0.0,0.0,0,0.0,0.0,0.0,1,1,0.09,11.11%,50.0%,60.0%,0.0%,0,0.0,0.0
2026-06-12,虾仁笔记推词测试,198949210,0.31,30,10.0%,0.0%,3,0.0,0.1,10.33,0.31,30,3,10.0%,0.1,10.33,0,0.0,0.0,0.0,0,0.0,0.00,0.0,0,0.00,0.0,0,0,0.0,0,0,0.0,0,0.0,0.0,0.0,0,0.0,0.0,0.0,0,0.0,0.0,0.0,5,1,0.11,16.67%,33.33%,35.48%,0.0%,0,0.0,0.0
2026-06-12,三文鱼购买意图测试,198960741,0.91,26,19.23%,0.0%,5,0.0,0.18,35.0,0.91,26,5,19.23%,0.18,35.0,0,0.0,0.0,0.0,0,0.0,0.00,0.0,0,0.00,0.0,0,0,0.0,0,0,0.0,0,0.0,0.0,0.0,0,0.0,0.0,0.0,0,0.0,0.0,0.0,9,3,0.76,34.62%,60.0%,83.52%,0.0%,0,0.0,0.0
2026-06-12,三文鱼做法意图测试,198981408,8.01,79,18.99%,0.0%,15,0.0,0.53,101.39,8.01,79,15,18.99%,0.53,101.39,0,0.0,0.0,0.0,0,0.0,0.00,0.0,0,0.00,0.0,0,0,0.0,0,0,0.0,0,0.0,0.0,0.0,0,0.0,0.0,0.0,0,0.0,0.0,0.0,22,4,1.13,27.85%,26.67%,14.07%,0.0%,0,0.0,0.0
2026-06-12,鲅鱼计划,201641214,0.00,1,0.0%,0.0%,0,0.0,0.0,0.0,0.0,1,0,0.0%,0.0,0.0,0,0.0,0.0,0.0,0,0.0,0.00,0.0,0,0.00,0.0,0,0,0.0,0,0,0.0,0,0.0,0.0,0.0,0,0.0,0.0,0.0,0,0.0,0.0,0.0,0,0,0.0,0.0%,0.0%,0.0%,0.0%,0,0.0,0.0
2026-06-12,近期带饭优选笔记,202518782,1.41,86,11.63%,0.0%,10,0.0,0.14,16.4,1.41,86,10,11.63%,0.14,16.4,0,0.0,0.0,0.0,0,0.0,0.00,0.0,0,0.00,0.0,0,0,0.0,0,0,0.0,0,0.0,0.0,0.0,0,0.0,0.0,0.0,0,0.0,0.0,0.0,23,3,0.22,26.74%,30.0%,15.9%,0.0%,0,0.0,0.0
2026-06-12,三文鱼人群定向测试,202545695,5.85,325,15.69%,0.0%,51,98.0,0.11,18.0,3.84,248,41,16.53%,0.09,15.48,0,0.0,0.0,0.0,0,0.0,0.00,0.0,0,0.00,0.0,0,0,0.0,0,0,0.0,1,5.85,98.0,16.75,1,5.85,98.0,16.75,1,5.85,98.0,16.75,6,3,0.36,17.14%,50.0%,41.38%,1.96%,1,98.0,25.52
2026-06-12,虾仁6月12日_复制,203176191,0.00,23,0.0%,0.0%,0,0.0,0.0,0.0,0.0,23,0,0.0%,0.0,0.0,0,0.0,0.0,0.0,0,0.0,0.00,0.0,0,0.00,0.0,0,0,0.0,0,0,0.0,0,0.0,0.0,0.0,0,0.0,0.0,0.0,0,0.0,0.0,0.0,2,0,0.0,8.7%,0.0%,0.0%,0.0%,0,0.0,0.0
2026-06-12,整条三文鱼,203176818,0.72,40,12.5%,0.0%,5,0.0,0.14,18.0,0.72,40,5,12.5%,0.14,18.0,0,0.0,0.0,0.0,0,0.0,0.00,0.0,0,0.00,0.0,0,0,0.0,0,0,0.0,0,0.0,0.0,0.0,0,0.0,0.0,0.0,0,0.0,0.0,0.0,13,2,0.47,32.5%,40.0%,64.68%,0.0%,0,0.0,0.0
2026-06-13,三文鱼人群定向测试,202545695,0.00,2,0.0%,0.0%,0,0.0,0.0,0.0,0.0,2,0,0.0%,0.0,0.0,0,0.0,0.0,0.0,0,0.0,0.00,0.0,0,0.00,0.0,0,0,0.0,0,0,0.0,0,0.0,0.0,0.0,0,0.0,0.0,0.0,0,0.0,0.0,0.0,0,0,0.0,0.0%,0.0%,0.0%,0.0%,0,0.0,0.0
2026-06-13,虾仁6月12日_复制,203176191,1.61,46,10.87%,0.0%,5,0.0,0.32,35.0,1.61,46,5,10.87%,0.32,35.0,0,0.0,0.0,0.0,0,0.0,0.00,0.0,0,0.00,0.0,0,0,0.0,0,0,0.0,0,0.0,0.0,0.0,0,0.0,0.0,0.0,0,0.0,0.0,0.0,2,0,0.0,4.35%,0.0%,0.0%,0.0%,0,0.0,0.0
2026-06-13,整条三文鱼,203176818,0.90,64,12.5%,0.0%,8,0.0,0.11,14.06,0.9,63,8,12.7%,0.11,14.29,0,0.0,0.0,0.0,0,0.0,0.00,0.0,0,0.00,0.0,0,0,0.0,0,0,0.0,0,0.0,0.0,0.0,0,0.0,0.0,0.0,0,0.0,0.0,0.0,26,3,0.25,40.63%,37.5%,27.78%,0.0%,0,0.0,0.0
2026-06-14,虾仁6月12日_复制,203176191,6.93,60,18.33%,0.0%,11,0.0,0.63,115.5,6.93,60,11,18.33%,0.63,115.5,0,0.0,0.0,0.0,0,0.0,0.00,0.0,0,0.00,0.0,0,0,0.0,0,0,0.0,0,0.0,0.0,0.0,0,0.0,0.0,0.0,0,0.0,0.0,0.0,12,2,2.08,20.0%,18.18%,30.01%,0.0%,0,0.0,0.0
2026-06-14,整条三文鱼,203176818,20.06,106,15.09%,0.0%,16,804.0,1.25,189.25,20.06,104,16,15.38%,1.25,192.88,0,0.0,0.0,0.0,0,0.0,0.00,0.0,0,0.00,0.0,0,0,0.0,0,0,0.0,3,6.69,804.0,40.08,4,5.01,1142.0,56.93,3,6.69,804.0,40.08,32,8,10.53,30.19%,50.0%,52.49%,18.75%,3,804.0,40.08
2026-06-15,虾仁6月12日_复制,203176191,7.97,108,13.89%,0.0%,15,148.0,0.53,73.8,7.97,108,15,13.89%,0.53,73.8,0,0.0,0.0,0.0,0,0.0,0.00,0.0,0,0.00,0.0,0,0,0.0,0,0,0.0,2,3.99,148.0,18.57,2,3.99,148.0,18.57,2,3.99,148.0,18.57,14,1,0.56,12.96%,6.67%,7.02%,13.33%,2,148.0,18.57
2026-06-15,整条三文鱼,203176818,8.96,192,9.38%,0.0%,18,0.0,0.5,46.67,8.96,190,18,9.47%,0.5,47.16,0,0.0,0.0,0.0,0,0.0,0.00,0.0,0,0.00,0.0,0,0,0.0,0,0,0.0,0,0.0,0.0,0.0,0,0.0,0.0,0.0,0,0.0,0.0,0.0,71,5,1.09,36.98%,27.78%,12.15%,0.0%,0,0.0,0.0
